orderID,productID,unitPrice,quantity,discount,customerID,orderDate,requiredDate,shippedDate,productName,categoryName
10248,11,14,12,0,VINET,04/07/2013,01/08/2013,16/07/2013,Queso Cabrales,Dairy Products
10248,42,9.8,10,0,VINET,04/07/2013,01/08/2013,16/07/2013,Singaporean Hokkien Fried Mee,Grains & Cereals
10248,72,34.8,5,0,VINET,04/07/2013,01/08/2013,16/07/2013,Mozzarella di Giovanni,Dairy Products
10249,14,18.6,9,0,TOMSP,05/07/2013,16/08/2013,10/07/2013,Tofu,Produce
10249,51,42.4,40,0,TOMSP,05/07/2013,16/08/2013,10/07/2013,Manjimup Dried Apples,Produce
10250,41,7.7,10,0,HANAR,08/07/2013,05/08/2013,12/07/2013,Jack's New England Clam Chowder,Seafood
10250,51,42.4,35,0.15,HANAR,08/07/2013,05/08/2013,12/07/2013,Manjimup Dried Apples,Produce
10250,65,16.8,15,0.15,HANAR,08/07/2013,05/08/2013,12/07/2013,Louisiana Fiery Hot Pepper Sauce,Condiments
10251,22,16.8,6,0.05,VICTE,08/07/2013,05/08/2013,15/07/2013,Gustaf's Knackebröd,Grains & Cereals
10251,57,15.6,15,0.05,VICTE,08/07/2013,05/08/2013,15/07/2013,Ravioli Angelo,Grains & Cereals
10251,65,16.8,20,0,VICTE,08/07/2013,05/08/2013,15/07/2013,Louisiana Fiery Hot Pepper Sauce,Condiments
10252,20,64.8,40,0.05,SUPRD,09/07/2013,06/08/2013,11/07/2013,Sir Rodney's Marmalade,Confections
10252,33,2,25,0.05,SUPRD,09/07/2013,06/08/2013,11/07/2013,Geitost,Dairy Products
10252,60,27.2,40,0,SUPRD,09/07/2013,06/08/2013,11/07/2013,Camembert Pierrot,Dairy Products
10253,31,10,20,0,HANAR,10/07/2013,24/07/2013,16/07/2013,Gorgonzola Telino,Dairy Products
10253,39,14.4,42,0,HANAR,10/07/2013,24/07/2013,16/07/2013,Chartreuse verte,Beverages
10253,49,16,40,0,HANAR,10/07/2013,24/07/2013,16/07/2013,Maxilaku,Confections
10254,24,3.6,15,0.15,CHOPS,11/07/2013,08/08/2013,23/07/2013,Guarana Fantastica,Beverages
10254,55,19.2,21,0.15,CHOPS,11/07/2013,08/08/2013,23/07/2013,Pâté chinois,Meat & Poultry
10254,74,8,21,0,CHOPS,11/07/2013,08/08/2013,23/07/2013,Longlife Tofu,Produce
10255,2,15.2,20,0,RICSU,12/07/2013,09/08/2013,15/07/2013,Chang,Beverages
10255,16,13.9,35,0,RICSU,12/07/2013,09/08/2013,15/07/2013,Pavlova,Confections
10255,36,15.2,25,0,RICSU,12/07/2013,09/08/2013,15/07/2013,Inlagd Sill,Seafood
10255,59,44,30,0,RICSU,12/07/2013,09/08/2013,15/07/2013,Raclette Courdavault,Dairy Products
10256,53,26.2,15,0,WELLI,15/07/2013,12/08/2013,17/07/2013,Perth Pasties,Meat & Poultry
10256,77,10.4,12,0,WELLI,15/07/2013,12/08/2013,17/07/2013,Original Frankfurter Grüne Soße,Condiments
10257,27,35.1,25,0,HILAA,16/07/2013,13/08/2013,22/07/2013,Schoggi Schokolade,Confections
10257,39,14.4,6,0,HILAA,16/07/2013,13/08/2013,22/07/2013,Chartreuse verte,Beverages
10257,77,10.4,15,0,HILAA,16/07/2013,13/08/2013,22/07/2013,Original Frankfurter Grüne Soße,Condiments
10258,2,15.2,50,0.2,ERNSH,17/07/2013,14/08/2013,23/07/2013,Chang,Beverages
10258,5,17,65,0.2,ERNSH,17/07/2013,14/08/2013,23/07/2013,Chef Anton's Gumbo Mix,Condiments
10258,32,25.6,6,0.2,ERNSH,17/07/2013,14/08/2013,23/07/2013,Mascarpone Fabioli,Dairy Products
10259,21,8,10,0,CENTC,18/07/2013,15/08/2013,25/07/2013,Sir Rodney's Scones,Confections
10259,37,20.8,1,0,CENTC,18/07/2013,15/08/2013,25/07/2013,Gravad lax,Seafood
10260,41,7.7,16,0.25,OTTIK,19/07/2013,16/08/2013,29/07/2013,Jack's New England Clam Chowder,Seafood
10260,57,15.6,50,0,OTTIK,19/07/2013,16/08/2013,29/07/2013,Ravioli Angelo,Grains & Cereals
10260,62,39.4,15,0.25,OTTIK,19/07/2013,16/08/2013,29/07/2013,Tarte au sucre,Confections
10260,70,12,21,0.25,OTTIK,19/07/2013,16/08/2013,29/07/2013,Outback Lager,Beverages
10261,21,8,20,0,QUEDE,19/07/2013,16/08/2013,30/07/2013,Sir Rodney's Scones,Confections
10261,35,14.4,20,0,QUEDE,19/07/2013,16/08/2013,30/07/2013,Steeleye Stout,Beverages
10262,5,17,12,0.2,RATTC,22/07/2013,19/08/2013,25/07/2013,Chef Anton's Gumbo Mix,Condiments
10262,7,24,15,0,RATTC,22/07/2013,19/08/2013,25/07/2013,Uncle Bob's Organic Dried Pears,Produce
10262,56,30.4,2,0,RATTC,22/07/2013,19/08/2013,25/07/2013,Gnocchi di nonna Alice,Grains & Cereals
10263,16,13.9,60,0.25,ERNSH,23/07/2013,20/08/2013,31/07/2013,Pavlova,Confections
10263,24,3.6,28,0,ERNSH,23/07/2013,20/08/2013,31/07/2013,Guarana Fantastica,Beverages
10263,30,20.7,60,0.25,ERNSH,23/07/2013,20/08/2013,31/07/2013,Nord-Ost Matjeshering,Seafood
10263,74,8,36,0.25,ERNSH,23/07/2013,20/08/2013,31/07/2013,Longlife Tofu,Produce
10264,2,15.2,35,0,FOLKO,24/07/2013,21/08/2013,23/08/2013,Chang,Beverages
10264,41,7.7,25,0.15,FOLKO,24/07/2013,21/08/2013,23/08/2013,Jack's New England Clam Chowder,Seafood
10265,17,31.2,30,0,BLONP,25/07/2013,22/08/2013,12/08/2013,Alice Mutton,Meat & Poultry
10265,70,12,20,0,BLONP,25/07/2013,22/08/2013,12/08/2013,Outback Lager,Beverages
10266,12,30.4,12,0.05,WARTH,26/07/2013,06/09/2013,31/07/2013,Queso Manchego La Pastora,Dairy Products
10267,40,14.7,50,0,FRANK,29/07/2013,26/08/2013,06/08/2013,Boston Crab Meat,Seafood
10267,59,44,70,0.15,FRANK,29/07/2013,26/08/2013,06/08/2013,Raclette Courdavault,Dairy Products
10267,76,14.4,15,0.15,FRANK,29/07/2013,26/08/2013,06/08/2013,Lakkaliköri,Beverages
10268,29,99,10,0,GROSR,30/07/2013,27/08/2013,02/08/2013,Thüringer Rostbratwurst,Meat & Poultry
10268,72,27.8,4,0,GROSR,30/07/2013,27/08/2013,02/08/2013,Mozzarella di Giovanni,Dairy Products
10269,33,2,60,0.05,WHITC,31/07/2013,14/08/2013,09/08/2013,Geitost,Dairy Products
10269,72,27.8,20,0.05,WHITC,31/07/2013,14/08/2013,09/08/2013,Mozzarella di Giovanni,Dairy Products
10270,36,15.2,30,0,WARTH,01/08/2013,29/08/2013,02/08/2013,Inlagd Sill,Seafood
10270,43,36.8,25,0,WARTH,01/08/2013,29/08/2013,02/08/2013,Ipoh Coffee,Beverages
10271,33,2,24,0,SPLIR,01/08/2013,29/08/2013,30/08/2013,Geitost,Dairy Products
10272,20,64.8,6,0,RATTC,02/08/2013,30/08/2013,06/08/2013,Sir Rodney's Marmalade,Confections
10272,31,10,40,0,RATTC,02/08/2013,30/08/2013,06/08/2013,Gorgonzola Telino,Dairy Products
10272,72,27.8,24,0,RATTC,02/08/2013,30/08/2013,06/08/2013,Mozzarella di Giovanni,Dairy Products
10273,10,24.8,24,0.05,QUICK,05/08/2013,02/09/2013,12/08/2013,Ikura,Seafood
10273,31,10,15,0.05,QUICK,05/08/2013,02/09/2013,12/08/2013,Gorgonzola Telino,Dairy Products
10273,33,2,20,0,QUICK,05/08/2013,02/09/2013,12/08/2013,Geitost,Dairy Products
10273,40,14.7,60,0.05,QUICK,05/08/2013,02/09/2013,12/08/2013,Boston Crab Meat,Seafood
10273,76,14.4,33,0.05,QUICK,05/08/2013,02/09/2013,12/08/2013,Lakkaliköri,Beverages
10274,71,17.2,20,0,VINET,06/08/2013,03/09/2013,16/08/2013,Flotemysost,Dairy Products
10274,72,27.8,7,0,VINET,06/08/2013,03/09/2013,16/08/2013,Mozzarella di Giovanni,Dairy Products
10275,24,3.6,12,0.05,MAGAA,07/08/2013,04/09/2013,09/08/2013,Guarana Fantastica,Beverages
10275,59,44,6,0.05,MAGAA,07/08/2013,04/09/2013,09/08/2013,Raclette Courdavault,Dairy Products
10276,10,24.8,15,0,TORTU,08/08/2013,22/08/2013,14/08/2013,Ikura,Seafood
10276,13,4.8,10,0,TORTU,08/08/2013,22/08/2013,14/08/2013,Konbu,Seafood
10277,28,36.4,20,0,MORGK,09/08/2013,06/09/2013,13/08/2013,Rössle Sauerkraut,Produce
10277,62,39.4,12,0,MORGK,09/08/2013,06/09/2013,13/08/2013,Tarte au sucre,Confections
10278,44,15.5,16,0,BERGS,12/08/2013,09/09/2013,16/08/2013,Gula Malacca,Condiments
10278,59,44,15,0,BERGS,12/08/2013,09/09/2013,16/08/2013,Raclette Courdavault,Dairy Products
10278,63,35.1,8,0,BERGS,12/08/2013,09/09/2013,16/08/2013,Vegie-spread,Condiments
10278,73,12,25,0,BERGS,12/08/2013,09/09/2013,16/08/2013,Röd Kaviar,Seafood
10279,17,31.2,15,0.25,LEHMS,13/08/2013,10/09/2013,16/08/2013,Alice Mutton,Meat & Poultry
10280,24,3.6,12,0,BERGS,14/08/2013,11/09/2013,12/09/2013,Guarana Fantastica,Beverages
10280,55,19.2,20,0,BERGS,14/08/2013,11/09/2013,12/09/2013,Pâté chinois,Meat & Poultry
10280,75,6.2,30,0,BERGS,14/08/2013,11/09/2013,12/09/2013,Rhönbräu Klosterbier,Beverages
10281,19,7.3,1,0,ROMEY,14/08/2013,28/08/2013,21/08/2013,Teatime Chocolate Biscuits,Confections
10281,24,3.6,6,0,ROMEY,14/08/2013,28/08/2013,21/08/2013,Guarana Fantastica,Beverages
10281,35,14.4,4,0,ROMEY,14/08/2013,28/08/2013,21/08/2013,Steeleye Stout,Beverages
10282,30,20.7,6,0,ROMEY,15/08/2013,12/09/2013,21/08/2013,Nord-Ost Matjeshering,Seafood
10282,57,15.6,2,0,ROMEY,15/08/2013,12/09/2013,21/08/2013,Ravioli Angelo,Grains & Cereals
10283,15,12.4,20,0,LILAS,16/08/2013,13/09/2013,23/08/2013,Genen Shouyu,Condiments
10283,19,7.3,18,0,LILAS,16/08/2013,13/09/2013,23/08/2013,Teatime Chocolate Biscuits,Confections
10283,60,27.2,35,0,LILAS,16/08/2013,13/09/2013,23/08/2013,Camembert Pierrot,Dairy Products
10283,72,27.8,3,0,LILAS,16/08/2013,13/09/2013,23/08/2013,Mozzarella di Giovanni,Dairy Products
10284,27,35.1,15,0.25,LEHMS,19/08/2013,16/09/2013,27/08/2013,Schoggi Schokolade,Confections
10284,44,15.5,21,0,LEHMS,19/08/2013,16/09/2013,27/08/2013,Gula Malacca,Condiments
10284,60,27.2,20,0.25,LEHMS,19/08/2013,16/09/2013,27/08/2013,Camembert Pierrot,Dairy Products
10284,67,11.2,5,0.25,LEHMS,19/08/2013,16/09/2013,27/08/2013,Laughing Lumberjack Lager,Beverages
10285,1,14.4,45,0.2,QUICK,20/08/2013,17/09/2013,26/08/2013,Chai,Beverages
10285,40,14.7,40,0.2,QUICK,20/08/2013,17/09/2013,26/08/2013,Boston Crab Meat,Seafood
10285,53,26.2,36,0.2,QUICK,20/08/2013,17/09/2013,26/08/2013,Perth Pasties,Meat & Poultry
10286,35,14.4,100,0,QUICK,21/08/2013,18/09/2013,30/08/2013,Steeleye Stout,Beverages
10286,62,39.4,40,0,QUICK,21/08/2013,18/09/2013,30/08/2013,Tarte au sucre,Confections
10287,16,13.9,40,0.15,RICAR,22/08/2013,19/09/2013,28/08/2013,Pavlova,Confections
10287,34,11.2,20,0,RICAR,22/08/2013,19/09/2013,28/08/2013,Sasquatch Ale,Beverages
10287,46,9.6,15,0.15,RICAR,22/08/2013,19/09/2013,28/08/2013,Spegesild,Seafood
10288,54,5.9,10,0.1,REGGC,23/08/2013,20/09/2013,03/09/2013,Tourtière,Meat & Poultry
10288,68,10,3,0.1,REGGC,23/08/2013,20/09/2013,03/09/2013,Scottish Longbreads,Confections
10289,3,8,30,0,BSBEV,26/08/2013,23/09/2013,28/08/2013,Aniseed Syrup,Condiments
10289,64,26.6,9,0,BSBEV,26/08/2013,23/09/2013,28/08/2013,Wimmers gute Semmelknödel,Grains & Cereals
10290,5,17,20,0,COMMI,27/08/2013,24/09/2013,03/09/2013,Chef Anton's Gumbo Mix,Condiments
10290,29,99,15,0,COMMI,27/08/2013,24/09/2013,03/09/2013,Thüringer Rostbratwurst,Meat & Poultry
10290,49,16,15,0,COMMI,27/08/2013,24/09/2013,03/09/2013,Maxilaku,Confections
10290,77,10.4,10,0,COMMI,27/08/2013,24/09/2013,03/09/2013,Original Frankfurter Grüne Soße,Condiments
10291,13,4.8,20,0.1,QUEDE,27/08/2013,24/09/2013,04/09/2013,Konbu,Seafood
10291,44,15.5,24,0.1,QUEDE,27/08/2013,24/09/2013,04/09/2013,Gula Malacca,Condiments
10291,51,42.4,2,0.1,QUEDE,27/08/2013,24/09/2013,04/09/2013,Manjimup Dried Apples,Produce
10292,20,64.8,20,0,TRADH,28/08/2013,25/09/2013,02/09/2013,Sir Rodney's Marmalade,Confections
10293,18,50,12,0,TORTU,29/08/2013,26/09/2013,11/09/2013,Carnarvon Tigers,Seafood
10293,24,3.6,10,0,TORTU,29/08/2013,26/09/2013,11/09/2013,Guarana Fantastica,Beverages
10293,63,35.1,5,0,TORTU,29/08/2013,26/09/2013,11/09/2013,Vegie-spread,Condiments
10293,75,6.2,6,0,TORTU,29/08/2013,26/09/2013,11/09/2013,Rhönbräu Klosterbier,Beverages
10294,1,14.4,18,0,RATTC,30/08/2013,27/09/2013,05/09/2013,Chai,Beverages
10294,17,31.2,15,0,RATTC,30/08/2013,27/09/2013,05/09/2013,Alice Mutton,Meat & Poultry
10294,43,36.8,15,0,RATTC,30/08/2013,27/09/2013,05/09/2013,Ipoh Coffee,Beverages
10294,60,27.2,21,0,RATTC,30/08/2013,27/09/2013,05/09/2013,Camembert Pierrot,Dairy Products
10294,75,6.2,6,0,RATTC,30/08/2013,27/09/2013,05/09/2013,Rhönbräu Klosterbier,Beverages
10295,56,30.4,4,0,VINET,02/09/2013,30/09/2013,10/09/2013,Gnocchi di nonna Alice,Grains & Cereals
10296,11,16.8,12,0,LILAS,03/09/2013,01/10/2013,11/09/2013,Queso Cabrales,Dairy Products
10296,16,13.9,30,0,LILAS,03/09/2013,01/10/2013,11/09/2013,Pavlova,Confections
10296,69,28.8,15,0,LILAS,03/09/2013,01/10/2013,11/09/2013,Gudbrandsdalsost,Dairy Products
10297,39,14.4,60,0,BLONP,04/09/2013,16/10/2013,10/09/2013,Chartreuse verte,Beverages
10297,72,27.8,20,0,BLONP,04/09/2013,16/10/2013,10/09/2013,Mozzarella di Giovanni,Dairy Products
10298,2,15.2,40,0,HUNGO,05/09/2013,03/10/2013,11/09/2013,Chang,Beverages
10298,36,15.2,40,0.25,HUNGO,05/09/2013,03/10/2013,11/09/2013,Inlagd Sill,Seafood
10298,59,44,30,0.25,HUNGO,05/09/2013,03/10/2013,11/09/2013,Raclette Courdavault,Dairy Products
10298,62,39.4,15,0,HUNGO,05/09/2013,03/10/2013,11/09/2013,Tarte au sucre,Confections
10299,19,7.3,15,0,RICAR,06/09/2013,04/10/2013,13/09/2013,Teatime Chocolate Biscuits,Confections
10299,70,12,20,0,RICAR,06/09/2013,04/10/2013,13/09/2013,Outback Lager,Beverages
10300,66,13.6,30,0,MAGAA,09/09/2013,07/10/2013,18/09/2013,Louisiana Hot Spiced Okra,Condiments
10300,68,10,20,0,MAGAA,09/09/2013,07/10/2013,18/09/2013,Scottish Longbreads,Confections
10301,40,14.7,10,0,WANDK,09/09/2013,07/10/2013,17/09/2013,Boston Crab Meat,Seafood
10301,56,30.4,20,0,WANDK,09/09/2013,07/10/2013,17/09/2013,Gnocchi di nonna Alice,Grains & Cereals
10302,17,31.2,40,0,SUPRD,10/09/2013,08/10/2013,09/10/2013,Alice Mutton,Meat & Poultry
10302,28,36.4,28,0,SUPRD,10/09/2013,08/10/2013,09/10/2013,Rössle Sauerkraut,Produce
10302,43,36.8,12,0,SUPRD,10/09/2013,08/10/2013,09/10/2013,Ipoh Coffee,Beverages
10303,40,14.7,40,0.1,GODOS,11/09/2013,09/10/2013,18/09/2013,Boston Crab Meat,Seafood
10303,65,16.8,30,0.1,GODOS,11/09/2013,09/10/2013,18/09/2013,Louisiana Fiery Hot Pepper Sauce,Condiments
10303,68,10,15,0.1,GODOS,11/09/2013,09/10/2013,18/09/2013,Scottish Longbreads,Confections
10304,49,16,30,0,TORTU,12/09/2013,10/10/2013,17/09/2013,Maxilaku,Confections
10304,59,44,10,0,TORTU,12/09/2013,10/10/2013,17/09/2013,Raclette Courdavault,Dairy Products
10304,71,17.2,2,0,TORTU,12/09/2013,10/10/2013,17/09/2013,Flotemysost,Dairy Products
10305,18,50,25,0.1,OLDWO,13/09/2013,11/10/2013,09/10/2013,Carnarvon Tigers,Seafood
10305,29,99,25,0.1,OLDWO,13/09/2013,11/10/2013,09/10/2013,Thüringer Rostbratwurst,Meat & Poultry
10305,39,14.4,30,0.1,OLDWO,13/09/2013,11/10/2013,09/10/2013,Chartreuse verte,Beverages
10306,30,20.7,10,0,ROMEY,16/09/2013,14/10/2013,23/09/2013,Nord-Ost Matjeshering,Seafood
10306,53,26.2,10,0,ROMEY,16/09/2013,14/10/2013,23/09/2013,Perth Pasties,Meat & Poultry
10306,54,5.9,5,0,ROMEY,16/09/2013,14/10/2013,23/09/2013,Tourtière,Meat & Poultry
10307,62,39.4,10,0,LONEP,17/09/2013,15/10/2013,25/09/2013,Tarte au sucre,Confections
10307,68,10,3,0,LONEP,17/09/2013,15/10/2013,25/09/2013,Scottish Longbreads,Confections
10308,69,28.8,1,0,ANATR,18/09/2013,16/10/2013,24/09/2013,Gudbrandsdalsost,Dairy Products
10308,70,12,5,0,ANATR,18/09/2013,16/10/2013,24/09/2013,Outback Lager,Beverages
10309,4,17.6,20,0,HUNGO,19/09/2013,17/10/2013,23/10/2013,Chef Anton's Cajun Seasoning,Condiments
10309,6,20,30,0,HUNGO,19/09/2013,17/10/2013,23/10/2013,Grandma's Boysenberry Spread,Condiments
10309,42,11.2,2,0,HUNGO,19/09/2013,17/10/2013,23/10/2013,Singaporean Hokkien Fried Mee,Grains & Cereals
10309,43,36.8,20,0,HUNGO,19/09/2013,17/10/2013,23/10/2013,Ipoh Coffee,Beverages
10309,71,17.2,3,0,HUNGO,19/09/2013,17/10/2013,23/10/2013,Flotemysost,Dairy Products
10310,16,13.9,10,0,THEBI,20/09/2013,18/10/2013,27/09/2013,Pavlova,Confections
10310,62,39.4,5,0,THEBI,20/09/2013,18/10/2013,27/09/2013,Tarte au sucre,Confections
10311,42,11.2,6,0,DUMON,20/09/2013,04/10/2013,26/09/2013,Singaporean Hokkien Fried Mee,Grains & Cereals
10311,69,28.8,7,0,DUMON,20/09/2013,04/10/2013,26/09/2013,Gudbrandsdalsost,Dairy Products
10312,28,36.4,4,0,WANDK,23/09/2013,21/10/2013,03/10/2013,Rössle Sauerkraut,Produce
10312,43,36.8,24,0,WANDK,23/09/2013,21/10/2013,03/10/2013,Ipoh Coffee,Beverages
10312,53,26.2,20,0,WANDK,23/09/2013,21/10/2013,03/10/2013,Perth Pasties,Meat & Poultry
10312,75,6.2,10,0,WANDK,23/09/2013,21/10/2013,03/10/2013,Rhönbräu Klosterbier,Beverages
10313,36,15.2,12,0,QUICK,24/09/2013,22/10/2013,04/10/2013,Inlagd Sill,Seafood
10314,32,25.6,40,0.1,RATTC,25/09/2013,23/10/2013,04/10/2013,Mascarpone Fabioli,Dairy Products
10314,58,10.6,30,0.1,RATTC,25/09/2013,23/10/2013,04/10/2013,Escargots de Bourgogne,Seafood
10314,62,39.4,25,0.1,RATTC,25/09/2013,23/10/2013,04/10/2013,Tarte au sucre,Confections
10315,34,11.2,14,0,ISLAT,26/09/2013,24/10/2013,03/10/2013,Sasquatch Ale,Beverages
10315,70,12,30,0,ISLAT,26/09/2013,24/10/2013,03/10/2013,Outback Lager,Beverages
10316,41,7.7,10,0,RATTC,27/09/2013,25/10/2013,08/10/2013,Jack's New England Clam Chowder,Seafood
10316,62,39.4,70,0,RATTC,27/09/2013,25/10/2013,08/10/2013,Tarte au sucre,Confections
10317,1,14.4,20,0,LONEP,30/09/2013,28/10/2013,10/10/2013,Chai,Beverages
10318,41,7.7,20,0,ISLAT,01/10/2013,29/10/2013,04/10/2013,Jack's New England Clam Chowder,Seafood
10318,76,14.4,6,0,ISLAT,01/10/2013,29/10/2013,04/10/2013,Lakkaliköri,Beverages
10319,17,31.2,8,0,TORTU,02/10/2013,30/10/2013,11/10/2013,Alice Mutton,Meat & Poultry
10319,28,36.4,14,0,TORTU,02/10/2013,30/10/2013,11/10/2013,Rössle Sauerkraut,Produce
10319,76,14.4,30,0,TORTU,02/10/2013,30/10/2013,11/10/2013,Lakkaliköri,Beverages
10320,71,17.2,30,0,WARTH,03/10/2013,17/10/2013,18/10/2013,Flotemysost,Dairy Products
10321,35,14.4,10,0,ISLAT,03/10/2013,31/10/2013,11/10/2013,Steeleye Stout,Beverages
10322,52,5.6,20,0,PERIC,04/10/2013,01/11/2013,23/10/2013,Filo Mix,Grains & Cereals
10323,15,12.4,5,0,KOENE,07/10/2013,04/11/2013,14/10/2013,Genen Shouyu,Condiments
10323,25,11.2,4,0,KOENE,07/10/2013,04/11/2013,14/10/2013,NuNuCa Nuß-Nougat-Creme,Confections
10323,39,14.4,4,0,KOENE,07/10/2013,04/11/2013,14/10/2013,Chartreuse verte,Beverages
10324,16,13.9,21,0.15,SAVEA,08/10/2013,05/11/2013,10/10/2013,Pavlova,Confections
10324,35,14.4,70,0.15,SAVEA,08/10/2013,05/11/2013,10/10/2013,Steeleye Stout,Beverages
10324,46,9.6,30,0,SAVEA,08/10/2013,05/11/2013,10/10/2013,Spegesild,Seafood
10324,59,44,40,0.15,SAVEA,08/10/2013,05/11/2013,10/10/2013,Raclette Courdavault,Dairy Products
10324,63,35.1,80,0.15,SAVEA,08/10/2013,05/11/2013,10/10/2013,Vegie-spread,Condiments
10325,6,20,6,0,KOENE,09/10/2013,23/10/2013,14/10/2013,Grandma's Boysenberry Spread,Condiments
10325,13,4.8,12,0,KOENE,09/10/2013,23/10/2013,14/10/2013,Konbu,Seafood
10325,14,18.6,9,0,KOENE,09/10/2013,23/10/2013,14/10/2013,Tofu,Produce
10325,31,10,4,0,KOENE,09/10/2013,23/10/2013,14/10/2013,Gorgonzola Telino,Dairy Products
10325,72,27.8,40,0,KOENE,09/10/2013,23/10/2013,14/10/2013,Mozzarella di Giovanni,Dairy Products
10326,4,17.6,24,0,BOLID,10/10/2013,07/11/2013,14/10/2013,Chef Anton's Cajun Seasoning,Condiments
10326,57,15.6,16,0,BOLID,10/10/2013,07/11/2013,14/10/2013,Ravioli Angelo,Grains & Cereals
10326,75,6.2,50,0,BOLID,10/10/2013,07/11/2013,14/10/2013,Rhönbräu Klosterbier,Beverages
10327,2,15.2,25,0.2,FOLKO,11/10/2013,08/11/2013,14/10/2013,Chang,Beverages
10327,11,16.8,50,0.2,FOLKO,11/10/2013,08/11/2013,14/10/2013,Queso Cabrales,Dairy Products
10327,30,20.7,35,0.2,FOLKO,11/10/2013,08/11/2013,14/10/2013,Nord-Ost Matjeshering,Seafood
10327,58,10.6,30,0.2,FOLKO,11/10/2013,08/11/2013,14/10/2013,Escargots de Bourgogne,Seafood
10328,59,44,9,0,FURIB,14/10/2013,11/11/2013,17/10/2013,Raclette Courdavault,Dairy Products
10328,65,16.8,40,0,FURIB,14/10/2013,11/11/2013,17/10/2013,Louisiana Fiery Hot Pepper Sauce,Condiments
10328,68,10,10,0,FURIB,14/10/2013,11/11/2013,17/10/2013,Scottish Longbreads,Confections
10329,19,7.3,10,0.05,SPLIR,15/10/2013,26/11/2013,23/10/2013,Teatime Chocolate Biscuits,Confections
10329,30,20.7,8,0.05,SPLIR,15/10/2013,26/11/2013,23/10/2013,Nord-Ost Matjeshering,Seafood
10329,38,210.8,20,0.05,SPLIR,15/10/2013,26/11/2013,23/10/2013,Côte de Blaye,Beverages
10329,56,30.4,12,0.05,SPLIR,15/10/2013,26/11/2013,23/10/2013,Gnocchi di nonna Alice,Grains & Cereals
10330,26,24.9,50,0.15,LILAS,16/10/2013,13/11/2013,28/10/2013,Gumbär Gummibärchen,Confections
10330,72,27.8,25,0.15,LILAS,16/10/2013,13/11/2013,28/10/2013,Mozzarella di Giovanni,Dairy Products
10331,54,5.9,15,0,BONAP,16/10/2013,27/11/2013,21/10/2013,Tourtière,Meat & Poultry
10332,18,50,40,0.2,MEREP,17/10/2013,28/11/2013,21/10/2013,Carnarvon Tigers,Seafood
10332,42,11.2,10,0.2,MEREP,17/10/2013,28/11/2013,21/10/2013,Singaporean Hokkien Fried Mee,Grains & Cereals
10332,47,7.6,16,0.2,MEREP,17/10/2013,28/11/2013,21/10/2013,Zaanse koeken,Confections
10333,14,18.6,10,0,WARTH,18/10/2013,15/11/2013,25/10/2013,Tofu,Produce
10333,21,8,10,0.1,WARTH,18/10/2013,15/11/2013,25/10/2013,Sir Rodney's Scones,Confections
10333,71,17.2,40,0.1,WARTH,18/10/2013,15/11/2013,25/10/2013,Flotemysost,Dairy Products
10334,52,5.6,8,0,VICTE,21/10/2013,18/11/2013,28/10/2013,Filo Mix,Grains & Cereals
10334,68,10,10,0,VICTE,21/10/2013,18/11/2013,28/10/2013,Scottish Longbreads,Confections
10335,2,15.2,7,0.2,HUNGO,22/10/2013,19/11/2013,24/10/2013,Chang,Beverages
10335,31,10,25,0.2,HUNGO,22/10/2013,19/11/2013,24/10/2013,Gorgonzola Telino,Dairy Products
10335,32,25.6,6,0.2,HUNGO,22/10/2013,19/11/2013,24/10/2013,Mascarpone Fabioli,Dairy Products
10335,51,42.4,48,0.2,HUNGO,22/10/2013,19/11/2013,24/10/2013,Manjimup Dried Apples,Produce
10336,4,17.6,18,0.1,PRINI,23/10/2013,20/11/2013,25/10/2013,Chef Anton's Cajun Seasoning,Condiments
10337,23,7.2,40,0,FRANK,24/10/2013,21/11/2013,29/10/2013,Tunnbröd,Grains & Cereals
10337,26,24.9,24,0,FRANK,24/10/2013,21/11/2013,29/10/2013,Gumbär Gummibärchen,Confections
10337,36,15.2,20,0,FRANK,24/10/2013,21/11/2013,29/10/2013,Inlagd Sill,Seafood
10337,37,20.8,28,0,FRANK,24/10/2013,21/11/2013,29/10/2013,Gravad lax,Seafood
10337,72,27.8,25,0,FRANK,24/10/2013,21/11/2013,29/10/2013,Mozzarella di Giovanni,Dairy Products
10338,17,31.2,20,0,OLDWO,25/10/2013,22/11/2013,29/10/2013,Alice Mutton,Meat & Poultry
10338,30,20.7,15,0,OLDWO,25/10/2013,22/11/2013,29/10/2013,Nord-Ost Matjeshering,Seafood
10339,4,17.6,10,0,MEREP,28/10/2013,25/11/2013,04/11/2013,Chef Anton's Cajun Seasoning,Condiments
10339,17,31.2,70,0.05,MEREP,28/10/2013,25/11/2013,04/11/2013,Alice Mutton,Meat & Poultry
10339,62,39.4,28,0,MEREP,28/10/2013,25/11/2013,04/11/2013,Tarte au sucre,Confections
10340,18,50,20,0.05,BONAP,29/10/2013,26/11/2013,08/11/2013,Carnarvon Tigers,Seafood
10340,41,7.7,12,0.05,BONAP,29/10/2013,26/11/2013,08/11/2013,Jack's New England Clam Chowder,Seafood
10340,43,36.8,40,0.05,BONAP,29/10/2013,26/11/2013,08/11/2013,Ipoh Coffee,Beverages
10341,33,2,8,0,SIMOB,29/10/2013,26/11/2013,05/11/2013,Geitost,Dairy Products
10341,59,44,9,0.15,SIMOB,29/10/2013,26/11/2013,05/11/2013,Raclette Courdavault,Dairy Products
10342,2,15.2,24,0.2,FRANK,30/10/2013,13/11/2013,04/11/2013,Chang,Beverages
10342,31,10,56,0.2,FRANK,30/10/2013,13/11/2013,04/11/2013,Gorgonzola Telino,Dairy Products
10342,36,15.2,40,0.2,FRANK,30/10/2013,13/11/2013,04/11/2013,Inlagd Sill,Seafood
10342,55,19.2,40,0.2,FRANK,30/10/2013,13/11/2013,04/11/2013,Pâté chinois,Meat & Poultry
10343,64,26.6,50,0,LEHMS,31/10/2013,28/11/2013,06/11/2013,Wimmers gute Semmelknödel,Grains & Cereals
10343,68,10,4,0.05,LEHMS,31/10/2013,28/11/2013,06/11/2013,Scottish Longbreads,Confections
10343,76,14.4,15,0,LEHMS,31/10/2013,28/11/2013,06/11/2013,Lakkaliköri,Beverages
10344,4,17.6,35,0,WHITC,01/11/2013,29/11/2013,05/11/2013,Chef Anton's Cajun Seasoning,Condiments
10344,8,32,70,0.25,WHITC,01/11/2013,29/11/2013,05/11/2013,Northwoods Cranberry Sauce,Condiments
10345,8,32,70,0,QUICK,04/11/2013,02/12/2013,11/11/2013,Northwoods Cranberry Sauce,Condiments
10345,19,7.3,80,0,QUICK,04/11/2013,02/12/2013,11/11/2013,Teatime Chocolate Biscuits,Confections
10345,42,11.2,9,0,QUICK,04/11/2013,02/12/2013,11/11/2013,Singaporean Hokkien Fried Mee,Grains & Cereals
10346,17,31.2,36,0.1,RATTC,05/11/2013,17/12/2013,08/11/2013,Alice Mutton,Meat & Poultry
10346,56,30.4,20,0,RATTC,05/11/2013,17/12/2013,08/11/2013,Gnocchi di nonna Alice,Grains & Cereals
10347,25,11.2,10,0,FAMIA,06/11/2013,04/12/2013,08/11/2013,NuNuCa Nuß-Nougat-Creme,Confections
10347,39,14.4,50,0.15,FAMIA,06/11/2013,04/12/2013,08/11/2013,Chartreuse verte,Beverages
10347,40,14.7,4,0,FAMIA,06/11/2013,04/12/2013,08/11/2013,Boston Crab Meat,Seafood
10347,75,6.2,6,0.15,FAMIA,06/11/2013,04/12/2013,08/11/2013,Rhönbräu Klosterbier,Beverages
10348,1,14.4,15,0.15,WANDK,07/11/2013,05/12/2013,15/11/2013,Chai,Beverages
10348,23,7.2,25,0,WANDK,07/11/2013,05/12/2013,15/11/2013,Tunnbröd,Grains & Cereals
10349,54,5.9,24,0,SPLIR,08/11/2013,06/12/2013,15/11/2013,Tourtière,Meat & Poultry
10350,50,13,15,0.1,LAMAI,11/11/2013,09/12/2013,03/12/2013,Valkoinen suklaa,Confections
10350,69,28.8,18,0.1,LAMAI,11/11/2013,09/12/2013,03/12/2013,Gudbrandsdalsost,Dairy Products
10351,38,210.8,20,0.05,ERNSH,11/11/2013,09/12/2013,20/11/2013,Côte de Blaye,Beverages
10351,41,7.7,13,0,ERNSH,11/11/2013,09/12/2013,20/11/2013,Jack's New England Clam Chowder,Seafood
10351,44,15.5,77,0.05,ERNSH,11/11/2013,09/12/2013,20/11/2013,Gula Malacca,Condiments
10351,65,16.8,10,0.05,ERNSH,11/11/2013,09/12/2013,20/11/2013,Louisiana Fiery Hot Pepper Sauce,Condiments
10352,24,3.6,10,0,FURIB,12/11/2013,26/11/2013,18/11/2013,Guarana Fantastica,Beverages
10352,54,5.9,20,0.15,FURIB,12/11/2013,26/11/2013,18/11/2013,Tourtière,Meat & Poultry
10353,11,16.8,12,0.2,PICCO,13/11/2013,11/12/2013,25/11/2013,Queso Cabrales,Dairy Products
10353,38,210.8,50,0.2,PICCO,13/11/2013,11/12/2013,25/11/2013,Côte de Blaye,Beverages
10354,1,14.4,12,0,PERIC,14/11/2013,12/12/2013,20/11/2013,Chai,Beverages
10354,29,99,4,0,PERIC,14/11/2013,12/12/2013,20/11/2013,Thüringer Rostbratwurst,Meat & Poultry
10355,24,3.6,25,0,AROUT,15/11/2013,13/12/2013,20/11/2013,Guarana Fantastica,Beverages
10355,57,15.6,25,0,AROUT,15/11/2013,13/12/2013,20/11/2013,Ravioli Angelo,Grains & Cereals
10356,31,10,30,0,WANDK,18/11/2013,16/12/2013,27/11/2013,Gorgonzola Telino,Dairy Products
10356,55,19.2,12,0,WANDK,18/11/2013,16/12/2013,27/11/2013,Pâté chinois,Meat & Poultry
10356,69,28.8,20,0,WANDK,18/11/2013,16/12/2013,27/11/2013,Gudbrandsdalsost,Dairy Products
10357,10,24.8,30,0.2,LILAS,19/11/2013,17/12/2013,02/12/2013,Ikura,Seafood
10357,26,24.9,16,0,LILAS,19/11/2013,17/12/2013,02/12/2013,Gumbär Gummibärchen,Confections
10357,60,27.2,8,0.2,LILAS,19/11/2013,17/12/2013,02/12/2013,Camembert Pierrot,Dairy Products
10358,24,3.6,10,0.05,LAMAI,20/11/2013,18/12/2013,27/11/2013,Guarana Fantastica,Beverages
10358,34,11.2,10,0.05,LAMAI,20/11/2013,18/12/2013,27/11/2013,Sasquatch Ale,Beverages
10358,36,15.2,20,0.05,LAMAI,20/11/2013,18/12/2013,27/11/2013,Inlagd Sill,Seafood
10359,16,13.9,56,0.05,SEVES,21/11/2013,19/12/2013,26/11/2013,Pavlova,Confections
10359,31,10,70,0.05,SEVES,21/11/2013,19/12/2013,26/11/2013,Gorgonzola Telino,Dairy Products
10359,60,27.2,80,0.05,SEVES,21/11/2013,19/12/2013,26/11/2013,Camembert Pierrot,Dairy Products
10360,28,36.4,30,0,BLONP,22/11/2013,20/12/2013,02/12/2013,Rössle Sauerkraut,Produce
10360,29,99,35,0,BLONP,22/11/2013,20/12/2013,02/12/2013,Thüringer Rostbratwurst,Meat & Poultry
10360,38,210.8,10,0,BLONP,22/11/2013,20/12/2013,02/12/2013,Côte de Blaye,Beverages
10360,49,16,35,0,BLONP,22/11/2013,20/12/2013,02/12/2013,Maxilaku,Confections
10360,54,5.9,28,0,BLONP,22/11/2013,20/12/2013,02/12/2013,Tourtière,Meat & Poultry
10361,39,14.4,54,0.1,QUICK,22/11/2013,20/12/2013,03/12/2013,Chartreuse verte,Beverages
10361,60,27.2,55,0.1,QUICK,22/11/2013,20/12/2013,03/12/2013,Camembert Pierrot,Dairy Products
10362,25,11.2,50,0,BONAP,25/11/2013,23/12/2013,28/11/2013,NuNuCa Nuß-Nougat-Creme,Confections
10362,51,42.4,20,0,BONAP,25/11/2013,23/12/2013,28/11/2013,Manjimup Dried Apples,Produce
10362,54,5.9,24,0,BONAP,25/11/2013,23/12/2013,28/11/2013,Tourtière,Meat & Poultry
10363,31,10,20,0,DRACD,26/11/2013,24/12/2013,04/12/2013,Gorgonzola Telino,Dairy Products
10363,75,6.2,12,0,DRACD,26/11/2013,24/12/2013,04/12/2013,Rhönbräu Klosterbier,Beverages
10363,76,14.4,12,0,DRACD,26/11/2013,24/12/2013,04/12/2013,Lakkaliköri,Beverages
10364,69,28.8,30,0,EASTC,26/11/2013,07/01/2014,04/12/2013,Gudbrandsdalsost,Dairy Products
10364,71,17.2,5,0,EASTC,26/11/2013,07/01/2014,04/12/2013,Flotemysost,Dairy Products
10365,11,16.8,24,0,ANTON,27/11/2013,25/12/2013,02/12/2013,Queso Cabrales,Dairy Products
10366,65,16.8,5,0,GALED,28/11/2013,09/01/2014,30/12/2013,Louisiana Fiery Hot Pepper Sauce,Condiments
10366,77,10.4,5,0,GALED,28/11/2013,09/01/2014,30/12/2013,Original Frankfurter Grüne Soße,Condiments
10367,34,11.2,36,0,VAFFE,28/11/2013,26/12/2013,02/12/2013,Sasquatch Ale,Beverages
10367,54,5.9,18,0,VAFFE,28/11/2013,26/12/2013,02/12/2013,Tourtière,Meat & Poultry
10367,65,16.8,15,0,VAFFE,28/11/2013,26/12/2013,02/12/2013,Louisiana Fiery Hot Pepper Sauce,Condiments
10367,77,10.4,7,0,VAFFE,28/11/2013,26/12/2013,02/12/2013,Original Frankfurter Grüne Soße,Condiments
10368,21,8,5,0.1,ERNSH,29/11/2013,27/12/2013,02/12/2013,Sir Rodney's Scones,Confections
10368,28,36.4,13,0.1,ERNSH,29/11/2013,27/12/2013,02/12/2013,Rössle Sauerkraut,Produce
10368,57,15.6,25,0,ERNSH,29/11/2013,27/12/2013,02/12/2013,Ravioli Angelo,Grains & Cereals
10368,64,26.6,35,0.1,ERNSH,29/11/2013,27/12/2013,02/12/2013,Wimmers gute Semmelknödel,Grains & Cereals
10369,29,99,20,0,SPLIR,02/12/2013,30/12/2013,09/12/2013,Thüringer Rostbratwurst,Meat & Poultry
10369,56,30.4,18,0.25,SPLIR,02/12/2013,30/12/2013,09/12/2013,Gnocchi di nonna Alice,Grains & Cereals
10370,1,14.4,15,0.15,CHOPS,03/12/2013,31/12/2013,27/12/2013,Chai,Beverages
10370,64,26.6,30,0,CHOPS,03/12/2013,31/12/2013,27/12/2013,Wimmers gute Semmelknödel,Grains & Cereals
10370,74,8,20,0.15,CHOPS,03/12/2013,31/12/2013,27/12/2013,Longlife Tofu,Produce
10371,36,15.2,6,0.2,LAMAI,03/12/2013,31/12/2013,24/12/2013,Inlagd Sill,Seafood
10372,20,64.8,12,0.25,QUEEN,04/12/2013,01/01/2014,09/12/2013,Sir Rodney's Marmalade,Confections
10372,38,210.8,40,0.25,QUEEN,04/12/2013,01/01/2014,09/12/2013,Côte de Blaye,Beverages
10372,60,27.2,70,0.25,QUEEN,04/12/2013,01/01/2014,09/12/2013,Camembert Pierrot,Dairy Products
10372,72,27.8,42,0.25,QUEEN,04/12/2013,01/01/2014,09/12/2013,Mozzarella di Giovanni,Dairy Products
10373,58,10.6,80,0.2,HUNGO,05/12/2013,02/01/2014,11/12/2013,Escargots de Bourgogne,Seafood
10373,71,17.2,50,0.2,HUNGO,05/12/2013,02/01/2014,11/12/2013,Flotemysost,Dairy Products
10374,31,10,30,0,WOLZA,05/12/2013,02/01/2014,09/12/2013,Gorgonzola Telino,Dairy Products
10374,58,10.6,15,0,WOLZA,05/12/2013,02/01/2014,09/12/2013,Escargots de Bourgogne,Seafood
10375,14,18.6,15,0,HUNGC,06/12/2013,03/01/2014,09/12/2013,Tofu,Produce
10375,54,5.9,10,0,HUNGC,06/12/2013,03/01/2014,09/12/2013,Tourtière,Meat & Poultry
10376,31,10,42,0.05,MEREP,09/12/2013,06/01/2014,13/12/2013,Gorgonzola Telino,Dairy Products
10377,28,36.4,20,0.15,SEVES,09/12/2013,06/01/2014,13/12/2013,Rössle Sauerkraut,Produce
10377,39,14.4,20,0.15,SEVES,09/12/2013,06/01/2014,13/12/2013,Chartreuse verte,Beverages
10378,71,17.2,6,0,FOLKO,10/12/2013,07/01/2014,19/12/2013,Flotemysost,Dairy Products
10379,41,7.7,8,0.1,QUEDE,11/12/2013,08/01/2014,13/12/2013,Jack's New England Clam Chowder,Seafood
10379,63,35.1,16,0.1,QUEDE,11/12/2013,08/01/2014,13/12/2013,Vegie-spread,Condiments
10379,65,16.8,20,0.1,QUEDE,11/12/2013,08/01/2014,13/12/2013,Louisiana Fiery Hot Pepper Sauce,Condiments
10380,30,20.7,18,0.1,HUNGO,12/12/2013,09/01/2014,16/01/2014,Nord-Ost Matjeshering,Seafood
10380,53,26.2,20,0.1,HUNGO,12/12/2013,09/01/2014,16/01/2014,Perth Pasties,Meat & Poultry
10380,60,27.2,6,0.1,HUNGO,12/12/2013,09/01/2014,16/01/2014,Camembert Pierrot,Dairy Products
10380,70,12,30,0,HUNGO,12/12/2013,09/01/2014,16/01/2014,Outback Lager,Beverages
10381,74,8,14,0,LILAS,12/12/2013,09/01/2014,13/12/2013,Longlife Tofu,Produce
10382,5,17,32,0,ERNSH,13/12/2013,10/01/2014,16/12/2013,Chef Anton's Gumbo Mix,Condiments
10382,18,50,9,0,ERNSH,13/12/2013,10/01/2014,16/12/2013,Carnarvon Tigers,Seafood
10382,29,99,14,0,ERNSH,13/12/2013,10/01/2014,16/12/2013,Thüringer Rostbratwurst,Meat & Poultry
10382,33,2,60,0,ERNSH,13/12/2013,10/01/2014,16/12/2013,Geitost,Dairy Products
10382,74,8,50,0,ERNSH,13/12/2013,10/01/2014,16/12/2013,Longlife Tofu,Produce
10383,13,4.8,20,0,AROUT,16/12/2013,13/01/2014,18/12/2013,Konbu,Seafood
10383,50,13,15,0,AROUT,16/12/2013,13/01/2014,18/12/2013,Valkoinen suklaa,Confections
10383,56,30.4,20,0,AROUT,16/12/2013,13/01/2014,18/12/2013,Gnocchi di nonna Alice,Grains & Cereals
10384,20,64.8,28,0,BERGS,16/12/2013,13/01/2014,20/12/2013,Sir Rodney's Marmalade,Confections
10384,60,27.2,15,0,BERGS,16/12/2013,13/01/2014,20/12/2013,Camembert Pierrot,Dairy Products
10385,7,24,10,0.2,SPLIR,17/12/2013,14/01/2014,23/12/2013,Uncle Bob's Organic Dried Pears,Produce
10385,60,27.2,20,0.2,SPLIR,17/12/2013,14/01/2014,23/12/2013,Camembert Pierrot,Dairy Products
10385,68,10,8,0.2,SPLIR,17/12/2013,14/01/2014,23/12/2013,Scottish Longbreads,Confections
10386,24,3.6,15,0,FAMIA,18/12/2013,01/01/2014,25/12/2013,Guarana Fantastica,Beverages
10386,34,11.2,10,0,FAMIA,18/12/2013,01/01/2014,25/12/2013,Sasquatch Ale,Beverages
10387,24,3.6,15,0,SANTG,18/12/2013,15/01/2014,20/12/2013,Guarana Fantastica,Beverages
10387,28,36.4,6,0,SANTG,18/12/2013,15/01/2014,20/12/2013,Rössle Sauerkraut,Produce
10387,59,44,12,0,SANTG,18/12/2013,15/01/2014,20/12/2013,Raclette Courdavault,Dairy Products
10387,71,17.2,15,0,SANTG,18/12/2013,15/01/2014,20/12/2013,Flotemysost,Dairy Products
10388,45,7.6,15,0.2,SEVES,19/12/2013,16/01/2014,20/12/2013,Rogede sild,Seafood
10388,52,5.6,20,0.2,SEVES,19/12/2013,16/01/2014,20/12/2013,Filo Mix,Grains & Cereals
10388,53,26.2,40,0,SEVES,19/12/2013,16/01/2014,20/12/2013,Perth Pasties,Meat & Poultry
10389,10,24.8,16,0,BOTTM,20/12/2013,17/01/2014,24/12/2013,Ikura,Seafood
10389,55,19.2,15,0,BOTTM,20/12/2013,17/01/2014,24/12/2013,Pâté chinois,Meat & Poultry
10389,62,39.4,20,0,BOTTM,20/12/2013,17/01/2014,24/12/2013,Tarte au sucre,Confections
10389,70,12,30,0,BOTTM,20/12/2013,17/01/2014,24/12/2013,Outback Lager,Beverages
10390,31,10,60,0.1,ERNSH,23/12/2013,20/01/2014,26/12/2013,Gorgonzola Telino,Dairy Products
10390,35,14.4,40,0.1,ERNSH,23/12/2013,20/01/2014,26/12/2013,Steeleye Stout,Beverages
10390,46,9.6,45,0,ERNSH,23/12/2013,20/01/2014,26/12/2013,Spegesild,Seafood
10390,72,27.8,24,0.1,ERNSH,23/12/2013,20/01/2014,26/12/2013,Mozzarella di Giovanni,Dairy Products
10391,13,4.8,18,0,DRACD,23/12/2013,20/01/2014,31/12/2013,Konbu,Seafood
10392,69,28.8,50,0,PICCO,24/12/2013,21/01/2014,01/01/2014,Gudbrandsdalsost,Dairy Products
10393,2,15.2,25,0.25,SAVEA,25/12/2013,22/01/2014,03/01/2014,Chang,Beverages
10393,14,18.6,42,0.25,SAVEA,25/12/2013,22/01/2014,03/01/2014,Tofu,Produce
10393,25,11.2,7,0.25,SAVEA,25/12/2013,22/01/2014,03/01/2014,NuNuCa Nuß-Nougat-Creme,Confections
10393,26,24.9,70,0.25,SAVEA,25/12/2013,22/01/2014,03/01/2014,Gumbär Gummibärchen,Confections
10393,31,10,32,0,SAVEA,25/12/2013,22/01/2014,03/01/2014,Gorgonzola Telino,Dairy Products
10394,13,4.8,10,0,HUNGC,25/12/2013,22/01/2014,03/01/2014,Konbu,Seafood
10394,62,39.4,10,0,HUNGC,25/12/2013,22/01/2014,03/01/2014,Tarte au sucre,Confections
10395,46,9.6,28,0.1,HILAA,26/12/2013,23/01/2014,03/01/2014,Spegesild,Seafood
10395,53,26.2,70,0.1,HILAA,26/12/2013,23/01/2014,03/01/2014,Perth Pasties,Meat & Poultry
10395,69,28.8,8,0,HILAA,26/12/2013,23/01/2014,03/01/2014,Gudbrandsdalsost,Dairy Products
10396,23,7.2,40,0,FRANK,27/12/2013,10/01/2014,06/01/2014,Tunnbröd,Grains & Cereals
10396,71,17.2,60,0,FRANK,27/12/2013,10/01/2014,06/01/2014,Flotemysost,Dairy Products
10396,72,27.8,21,0,FRANK,27/12/2013,10/01/2014,06/01/2014,Mozzarella di Giovanni,Dairy Products
10397,21,8,10,0.15,PRINI,27/12/2013,24/01/2014,02/01/2014,Sir Rodney's Scones,Confections
10397,51,42.4,18,0.15,PRINI,27/12/2013,24/01/2014,02/01/2014,Manjimup Dried Apples,Produce
10398,35,14.4,30,0,SAVEA,30/12/2013,27/01/2014,09/01/2014,Steeleye Stout,Beverages
10398,55,19.2,120,0.1,SAVEA,30/12/2013,27/01/2014,09/01/2014,Pâté chinois,Meat & Poultry
10399,68,10,60,0,VAFFE,31/12/2013,14/01/2014,08/01/2014,Scottish Longbreads,Confections
10399,71,17.2,30,0,VAFFE,31/12/2013,14/01/2014,08/01/2014,Flotemysost,Dairy Products
10399,76,14.4,35,0,VAFFE,31/12/2013,14/01/2014,08/01/2014,Lakkaliköri,Beverages
10399,77,10.4,14,0,VAFFE,31/12/2013,14/01/2014,08/01/2014,Original Frankfurter Grüne Soße,Condiments
10400,29,99,21,0,EASTC,01/01/2014,29/01/2014,16/01/2014,Thüringer Rostbratwurst,Meat & Poultry
10400,35,14.4,35,0,EASTC,01/01/2014,29/01/2014,16/01/2014,Steeleye Stout,Beverages
10400,49,16,30,0,EASTC,01/01/2014,29/01/2014,16/01/2014,Maxilaku,Confections
10401,30,20.7,18,0,RATTC,01/01/2014,29/01/2014,10/01/2014,Nord-Ost Matjeshering,Seafood
10401,56,30.4,70,0,RATTC,01/01/2014,29/01/2014,10/01/2014,Gnocchi di nonna Alice,Grains & Cereals
10401,65,16.8,20,0,RATTC,01/01/2014,29/01/2014,10/01/2014,Louisiana Fiery Hot Pepper Sauce,Condiments
10401,71,17.2,60,0,RATTC,01/01/2014,29/01/2014,10/01/2014,Flotemysost,Dairy Products
10402,23,7.2,60,0,ERNSH,02/01/2014,13/02/2014,10/01/2014,Tunnbröd,Grains & Cereals
10402,63,35.1,65,0,ERNSH,02/01/2014,13/02/2014,10/01/2014,Vegie-spread,Condiments
10403,16,13.9,21,0.15,ERNSH,03/01/2014,31/01/2014,09/01/2014,Pavlova,Confections
10403,48,10.2,70,0.15,ERNSH,03/01/2014,31/01/2014,09/01/2014,Chocolade,Confections
10404,26,24.9,30,0.05,MAGAA,03/01/2014,31/01/2014,08/01/2014,Gumbär Gummibärchen,Confections
10404,42,11.2,40,0.05,MAGAA,03/01/2014,31/01/2014,08/01/2014,Singaporean Hokkien Fried Mee,Grains & Cereals
10404,49,16,30,0.05,MAGAA,03/01/2014,31/01/2014,08/01/2014,Maxilaku,Confections
10405,3,8,50,0,LINOD,06/01/2014,03/02/2014,22/01/2014,Aniseed Syrup,Condiments
10406,1,14.4,10,0,QUEEN,07/01/2014,18/02/2014,13/01/2014,Chai,Beverages
10406,21,8,30,0.1,QUEEN,07/01/2014,18/02/2014,13/01/2014,Sir Rodney's Scones,Confections
10406,28,36.4,42,0.1,QUEEN,07/01/2014,18/02/2014,13/01/2014,Rössle Sauerkraut,Produce
10406,36,15.2,5,0.1,QUEEN,07/01/2014,18/02/2014,13/01/2014,Inlagd Sill,Seafood
10406,40,14.7,2,0.1,QUEEN,07/01/2014,18/02/2014,13/01/2014,Boston Crab Meat,Seafood
10407,11,16.8,30,0,OTTIK,07/01/2014,04/02/2014,30/01/2014,Queso Cabrales,Dairy Products
10407,69,28.8,15,0,OTTIK,07/01/2014,04/02/2014,30/01/2014,Gudbrandsdalsost,Dairy Products
10407,71,17.2,15,0,OTTIK,07/01/2014,04/02/2014,30/01/2014,Flotemysost,Dairy Products
10408,37,20.8,10,0,FOLIG,08/01/2014,05/02/2014,14/01/2014,Gravad lax,Seafood
10408,54,5.9,6,0,FOLIG,08/01/2014,05/02/2014,14/01/2014,Tourtière,Meat & Poultry
10408,62,39.4,35,0,FOLIG,08/01/2014,05/02/2014,14/01/2014,Tarte au sucre,Confections
10409,14,18.6,12,0,OCEAN,09/01/2014,06/02/2014,14/01/2014,Tofu,Produce
10409,21,8,12,0,OCEAN,09/01/2014,06/02/2014,14/01/2014,Sir Rodney's Scones,Confections
10410,33,2,49,0,BOTTM,10/01/2014,07/02/2014,15/01/2014,Geitost,Dairy Products
10410,59,44,16,0,BOTTM,10/01/2014,07/02/2014,15/01/2014,Raclette Courdavault,Dairy Products
10411,41,7.7,25,0.2,BOTTM,10/01/2014,07/02/2014,21/01/2014,Jack's New England Clam Chowder,Seafood
10411,44,15.5,40,0.2,BOTTM,10/01/2014,07/02/2014,21/01/2014,Gula Malacca,Condiments
10411,59,44,9,0.2,BOTTM,10/01/2014,07/02/2014,21/01/2014,Raclette Courdavault,Dairy Products
10412,14,18.6,20,0.1,WARTH,13/01/2014,10/02/2014,15/01/2014,Tofu,Produce
10413,1,14.4,24,0,LAMAI,14/01/2014,11/02/2014,16/01/2014,Chai,Beverages
10413,62,39.4,40,0,LAMAI,14/01/2014,11/02/2014,16/01/2014,Tarte au sucre,Confections
10413,76,14.4,14,0,LAMAI,14/01/2014,11/02/2014,16/01/2014,Lakkaliköri,Beverages
10414,19,7.3,18,0.05,FAMIA,14/01/2014,11/02/2014,17/01/2014,Teatime Chocolate Biscuits,Confections
10414,33,2,50,0,FAMIA,14/01/2014,11/02/2014,17/01/2014,Geitost,Dairy Products
10415,17,31.2,2,0,HUNGC,15/01/2014,12/02/2014,24/01/2014,Alice Mutton,Meat & Poultry
10415,33,2,20,0,HUNGC,15/01/2014,12/02/2014,24/01/2014,Geitost,Dairy Products
10416,19,7.3,20,0,WARTH,16/01/2014,13/02/2014,27/01/2014,Teatime Chocolate Biscuits,Confections
10416,53,26.2,10,0,WARTH,16/01/2014,13/02/2014,27/01/2014,Perth Pasties,Meat & Poultry
10416,57,15.6,20,0,WARTH,16/01/2014,13/02/2014,27/01/2014,Ravioli Angelo,Grains & Cereals
10417,38,210.8,50,0,SIMOB,16/01/2014,13/02/2014,28/01/2014,Côte de Blaye,Beverages
10417,46,9.6,2,0.25,SIMOB,16/01/2014,13/02/2014,28/01/2014,Spegesild,Seafood
10417,68,10,36,0.25,SIMOB,16/01/2014,13/02/2014,28/01/2014,Scottish Longbreads,Confections
10417,77,10.4,35,0,SIMOB,16/01/2014,13/02/2014,28/01/2014,Original Frankfurter Grüne Soße,Condiments
10418,2,15.2,60,0,QUICK,17/01/2014,14/02/2014,24/01/2014,Chang,Beverages
10418,47,7.6,55,0,QUICK,17/01/2014,14/02/2014,24/01/2014,Zaanse koeken,Confections
10418,61,22.8,16,0,QUICK,17/01/2014,14/02/2014,24/01/2014,Sirop d'érable,Condiments
10418,74,8,15,0,QUICK,17/01/2014,14/02/2014,24/01/2014,Longlife Tofu,Produce
10419,60,27.2,60,0.05,RICSU,20/01/2014,17/02/2014,30/01/2014,Camembert Pierrot,Dairy Products
10419,69,28.8,20,0.05,RICSU,20/01/2014,17/02/2014,30/01/2014,Gudbrandsdalsost,Dairy Products
10420,9,77.6,20,0.1,WELLI,21/01/2014,18/02/2014,27/01/2014,Mishi Kobe Niku,Meat & Poultry
10420,13,4.8,2,0.1,WELLI,21/01/2014,18/02/2014,27/01/2014,Konbu,Seafood
10420,70,12,8,0.1,WELLI,21/01/2014,18/02/2014,27/01/2014,Outback Lager,Beverages
10420,73,12,20,0.1,WELLI,21/01/2014,18/02/2014,27/01/2014,Röd Kaviar,Seafood
10421,19,7.3,4,0.15,QUEDE,21/01/2014,04/03/2014,27/01/2014,Teatime Chocolate Biscuits,Confections
10421,26,24.9,30,0,QUEDE,21/01/2014,04/03/2014,27/01/2014,Gumbär Gummibärchen,Confections
10421,53,26.2,15,0.15,QUEDE,21/01/2014,04/03/2014,27/01/2014,Perth Pasties,Meat & Poultry
10421,77,10.4,10,0.15,QUEDE,21/01/2014,04/03/2014,27/01/2014,Original Frankfurter Grüne Soße,Condiments
10422,26,24.9,2,0,FRANS,22/01/2014,19/02/2014,31/01/2014,Gumbär Gummibärchen,Confections
10423,31,10,14,0,GOURL,23/01/2014,06/02/2014,24/02/2014,Gorgonzola Telino,Dairy Products
10423,59,44,20,0,GOURL,23/01/2014,06/02/2014,24/02/2014,Raclette Courdavault,Dairy Products
10424,35,14.4,60,0.2,MEREP,23/01/2014,20/02/2014,27/01/2014,Steeleye Stout,Beverages
10424,38,210.8,49,0.2,MEREP,23/01/2014,20/02/2014,27/01/2014,Côte de Blaye,Beverages
10424,68,10,30,0.2,MEREP,23/01/2014,20/02/2014,27/01/2014,Scottish Longbreads,Confections
10425,55,19.2,10,0.25,LAMAI,24/01/2014,21/02/2014,14/02/2014,Pâté chinois,Meat & Poultry
10425,76,14.4,20,0.25,LAMAI,24/01/2014,21/02/2014,14/02/2014,Lakkaliköri,Beverages
10426,56,30.4,5,0,GALED,27/01/2014,24/02/2014,06/02/2014,Gnocchi di nonna Alice,Grains & Cereals
10426,64,26.6,7,0,GALED,27/01/2014,24/02/2014,06/02/2014,Wimmers gute Semmelknödel,Grains & Cereals
10427,14,18.6,35,0,PICCO,27/01/2014,24/02/2014,03/03/2014,Tofu,Produce
10428,46,9.6,20,0,REGGC,28/01/2014,25/02/2014,04/02/2014,Spegesild,Seafood
10429,50,13,40,0,HUNGO,29/01/2014,12/03/2014,07/02/2014,Valkoinen suklaa,Confections
10429,63,35.1,35,0.25,HUNGO,29/01/2014,12/03/2014,07/02/2014,Vegie-spread,Condiments
10430,17,31.2,45,0.2,ERNSH,30/01/2014,13/02/2014,03/02/2014,Alice Mutton,Meat & Poultry
10430,21,8,50,0,ERNSH,30/01/2014,13/02/2014,03/02/2014,Sir Rodney's Scones,Confections
10430,56,30.4,30,0,ERNSH,30/01/2014,13/02/2014,03/02/2014,Gnocchi di nonna Alice,Grains & Cereals
10430,59,44,70,0.2,ERNSH,30/01/2014,13/02/2014,03/02/2014,Raclette Courdavault,Dairy Products
10431,17,31.2,50,0.25,BOTTM,30/01/2014,13/02/2014,07/02/2014,Alice Mutton,Meat & Poultry
10431,40,14.7,50,0.25,BOTTM,30/01/2014,13/02/2014,07/02/2014,Boston Crab Meat,Seafood
10431,47,7.6,30,0.25,BOTTM,30/01/2014,13/02/2014,07/02/2014,Zaanse koeken,Confections
10432,26,24.9,10,0,SPLIR,31/01/2014,14/02/2014,07/02/2014,Gumbär Gummibärchen,Confections
10432,54,5.9,40,0,SPLIR,31/01/2014,14/02/2014,07/02/2014,Tourtière,Meat & Poultry
10433,56,30.4,28,0,PRINI,03/02/2014,03/03/2014,04/03/2014,Gnocchi di nonna Alice,Grains & Cereals
10434,11,16.8,6,0,FOLKO,03/02/2014,03/03/2014,13/02/2014,Queso Cabrales,Dairy Products
10434,76,14.4,18,0.15,FOLKO,03/02/2014,03/03/2014,13/02/2014,Lakkaliköri,Beverages
10435,2,15.2,10,0,CONSH,04/02/2014,18/03/2014,07/02/2014,Chang,Beverages
10435,22,16.8,12,0,CONSH,04/02/2014,18/03/2014,07/02/2014,Gustaf's Knackebröd,Grains & Cereals
10435,72,27.8,10,0,CONSH,04/02/2014,18/03/2014,07/02/2014,Mozzarella di Giovanni,Dairy Products
10436,46,9.6,5,0,BLONP,05/02/2014,05/03/2014,11/02/2014,Spegesild,Seafood
10436,56,30.4,40,0.1,BLONP,05/02/2014,05/03/2014,11/02/2014,Gnocchi di nonna Alice,Grains & Cereals
10436,64,26.6,30,0.1,BLONP,05/02/2014,05/03/2014,11/02/2014,Wimmers gute Semmelknödel,Grains & Cereals
10436,75,6.2,24,0.1,BLONP,05/02/2014,05/03/2014,11/02/2014,Rhönbräu Klosterbier,Beverages
10437,53,26.2,15,0,WARTH,05/02/2014,05/03/2014,12/02/2014,Perth Pasties,Meat & Poultry
10438,19,7.3,15,0.2,TOMSP,06/02/2014,06/03/2014,14/02/2014,Teatime Chocolate Biscuits,Confections
10438,34,11.2,20,0.2,TOMSP,06/02/2014,06/03/2014,14/02/2014,Sasquatch Ale,Beverages
10438,57,15.6,15,0.2,TOMSP,06/02/2014,06/03/2014,14/02/2014,Ravioli Angelo,Grains & Cereals
10439,12,30.4,15,0,MEREP,07/02/2014,07/03/2014,10/02/2014,Queso Manchego La Pastora,Dairy Products
10439,16,13.9,16,0,MEREP,07/02/2014,07/03/2014,10/02/2014,Pavlova,Confections
10439,64,26.6,6,0,MEREP,07/02/2014,07/03/2014,10/02/2014,Wimmers gute Semmelknödel,Grains & Cereals
10439,74,8,30,0,MEREP,07/02/2014,07/03/2014,10/02/2014,Longlife Tofu,Produce
10440,2,15.2,45,0.15,SAVEA,10/02/2014,10/03/2014,28/02/2014,Chang,Beverages
10440,16,13.9,49,0.15,SAVEA,10/02/2014,10/03/2014,28/02/2014,Pavlova,Confections
10440,29,99,24,0.15,SAVEA,10/02/2014,10/03/2014,28/02/2014,Thüringer Rostbratwurst,Meat & Poultry
10440,61,22.8,90,0.15,SAVEA,10/02/2014,10/03/2014,28/02/2014,Sirop d'érable,Condiments
10441,27,35.1,50,0,OLDWO,10/02/2014,24/03/2014,14/03/2014,Schoggi Schokolade,Confections
10442,11,16.8,30,0,ERNSH,11/02/2014,11/03/2014,18/02/2014,Queso Cabrales,Dairy Products
10442,54,5.9,80,0,ERNSH,11/02/2014,11/03/2014,18/02/2014,Tourtière,Meat & Poultry
10442,66,13.6,60,0,ERNSH,11/02/2014,11/03/2014,18/02/2014,Louisiana Hot Spiced Okra,Condiments
10443,11,16.8,6,0.2,REGGC,12/02/2014,12/03/2014,14/02/2014,Queso Cabrales,Dairy Products
10443,28,36.4,12,0,REGGC,12/02/2014,12/03/2014,14/02/2014,Rössle Sauerkraut,Produce
10444,17,31.2,10,0,BERGS,12/02/2014,12/03/2014,21/02/2014,Alice Mutton,Meat & Poultry
10444,26,24.9,15,0,BERGS,12/02/2014,12/03/2014,21/02/2014,Gumbär Gummibärchen,Confections
10444,35,14.4,8,0,BERGS,12/02/2014,12/03/2014,21/02/2014,Steeleye Stout,Beverages
10444,41,7.7,30,0,BERGS,12/02/2014,12/03/2014,21/02/2014,Jack's New England Clam Chowder,Seafood
10445,39,14.4,6,0,BERGS,13/02/2014,13/03/2014,20/02/2014,Chartreuse verte,Beverages
10445,54,5.9,15,0,BERGS,13/02/2014,13/03/2014,20/02/2014,Tourtière,Meat & Poultry
10446,19,7.3,12,0.1,TOMSP,14/02/2014,14/03/2014,19/02/2014,Teatime Chocolate Biscuits,Confections
10446,24,3.6,20,0.1,TOMSP,14/02/2014,14/03/2014,19/02/2014,Guarana Fantastica,Beverages
10446,31,10,3,0.1,TOMSP,14/02/2014,14/03/2014,19/02/2014,Gorgonzola Telino,Dairy Products
10446,52,5.6,15,0.1,TOMSP,14/02/2014,14/03/2014,19/02/2014,Filo Mix,Grains & Cereals
10447,19,7.3,40,0,RICAR,14/02/2014,14/03/2014,07/03/2014,Teatime Chocolate Biscuits,Confections
10447,65,16.8,35,0,RICAR,14/02/2014,14/03/2014,07/03/2014,Louisiana Fiery Hot Pepper Sauce,Condiments
10447,71,17.2,2,0,RICAR,14/02/2014,14/03/2014,07/03/2014,Flotemysost,Dairy Products
10448,26,24.9,6,0,RANCH,17/02/2014,17/03/2014,24/02/2014,Gumbär Gummibärchen,Confections
10448,40,14.7,20,0,RANCH,17/02/2014,17/03/2014,24/02/2014,Boston Crab Meat,Seafood
10449,10,24.8,14,0,BLONP,18/02/2014,18/03/2014,27/02/2014,Ikura,Seafood
10449,52,5.6,20,0,BLONP,18/02/2014,18/03/2014,27/02/2014,Filo Mix,Grains & Cereals
10449,62,39.4,35,0,BLONP,18/02/2014,18/03/2014,27/02/2014,Tarte au sucre,Confections
10450,10,24.8,20,0.2,VICTE,19/02/2014,19/03/2014,11/03/2014,Ikura,Seafood
10450,54,5.9,6,0.2,VICTE,19/02/2014,19/03/2014,11/03/2014,Tourtière,Meat & Poultry
10451,55,19.2,120,0.1,QUICK,19/02/2014,05/03/2014,12/03/2014,Pâté chinois,Meat & Poultry
10451,64,26.6,35,0.1,QUICK,19/02/2014,05/03/2014,12/03/2014,Wimmers gute Semmelknödel,Grains & Cereals
10451,65,16.8,28,0.1,QUICK,19/02/2014,05/03/2014,12/03/2014,Louisiana Fiery Hot Pepper Sauce,Condiments
10451,77,10.4,55,0.1,QUICK,19/02/2014,05/03/2014,12/03/2014,Original Frankfurter Grüne Soße,Condiments
10452,28,36.4,15,0,SAVEA,20/02/2014,20/03/2014,26/02/2014,Rössle Sauerkraut,Produce
10452,44,15.5,100,0.05,SAVEA,20/02/2014,20/03/2014,26/02/2014,Gula Malacca,Condiments
10453,48,10.2,15,0.1,AROUT,21/02/2014,21/03/2014,26/02/2014,Chocolade,Confections
10453,70,12,25,0.1,AROUT,21/02/2014,21/03/2014,26/02/2014,Outback Lager,Beverages
10454,16,13.9,20,0.2,LAMAI,21/02/2014,21/03/2014,25/02/2014,Pavlova,Confections
10454,33,2,20,0.2,LAMAI,21/02/2014,21/03/2014,25/02/2014,Geitost,Dairy Products
10454,46,9.6,10,0.2,LAMAI,21/02/2014,21/03/2014,25/02/2014,Spegesild,Seafood
10455,39,14.4,20,0,WARTH,24/02/2014,07/04/2014,03/03/2014,Chartreuse verte,Beverages
10455,53,26.2,50,0,WARTH,24/02/2014,07/04/2014,03/03/2014,Perth Pasties,Meat & Poultry
10455,61,22.8,25,0,WARTH,24/02/2014,07/04/2014,03/03/2014,Sirop d'érable,Condiments
10455,71,17.2,30,0,WARTH,24/02/2014,07/04/2014,03/03/2014,Flotemysost,Dairy Products
10456,21,8,40,0.15,KOENE,25/02/2014,08/04/2014,28/02/2014,Sir Rodney's Scones,Confections
10456,49,16,21,0.15,KOENE,25/02/2014,08/04/2014,28/02/2014,Maxilaku,Confections
10457,59,44,36,0,KOENE,25/02/2014,25/03/2014,03/03/2014,Raclette Courdavault,Dairy Products
10458,26,24.9,30,0,SUPRD,26/02/2014,26/03/2014,04/03/2014,Gumbär Gummibärchen,Confections
10458,28,36.4,30,0,SUPRD,26/02/2014,26/03/2014,04/03/2014,Rössle Sauerkraut,Produce
10458,43,36.8,20,0,SUPRD,26/02/2014,26/03/2014,04/03/2014,Ipoh Coffee,Beverages
10458,56,30.4,15,0,SUPRD,26/02/2014,26/03/2014,04/03/2014,Gnocchi di nonna Alice,Grains & Cereals
10458,71,17.2,50,0,SUPRD,26/02/2014,26/03/2014,04/03/2014,Flotemysost,Dairy Products
10459,7,24,16,0.05,VICTE,27/02/2014,27/03/2014,28/02/2014,Uncle Bob's Organic Dried Pears,Produce
10459,46,9.6,20,0.05,VICTE,27/02/2014,27/03/2014,28/02/2014,Spegesild,Seafood
10459,72,27.8,40,0,VICTE,27/02/2014,27/03/2014,28/02/2014,Mozzarella di Giovanni,Dairy Products
10460,68,10,21,0.25,FOLKO,28/02/2014,28/03/2014,03/03/2014,Scottish Longbreads,Confections
10460,75,6.2,4,0.25,FOLKO,28/02/2014,28/03/2014,03/03/2014,Rhönbräu Klosterbier,Beverages
10461,21,8,40,0.25,LILAS,28/02/2014,28/03/2014,05/03/2014,Sir Rodney's Scones,Confections
10461,30,20.7,28,0.25,LILAS,28/02/2014,28/03/2014,05/03/2014,Nord-Ost Matjeshering,Seafood
10461,55,19.2,60,0.25,LILAS,28/02/2014,28/03/2014,05/03/2014,Pâté chinois,Meat & Poultry
10462,13,4.8,1,0,CONSH,03/03/2014,31/03/2014,18/03/2014,Konbu,Seafood
10462,23,7.2,21,0,CONSH,03/03/2014,31/03/2014,18/03/2014,Tunnbröd,Grains & Cereals
10463,19,7.3,21,0,SUPRD,04/03/2014,01/04/2014,06/03/2014,Teatime Chocolate Biscuits,Confections
10463,42,11.2,50,0,SUPRD,04/03/2014,01/04/2014,06/03/2014,Singaporean Hokkien Fried Mee,Grains & Cereals
10464,4,17.6,16,0.2,FURIB,04/03/2014,01/04/2014,14/03/2014,Chef Anton's Cajun Seasoning,Condiments
10464,43,36.8,3,0,FURIB,04/03/2014,01/04/2014,14/03/2014,Ipoh Coffee,Beverages
10464,56,30.4,30,0.2,FURIB,04/03/2014,01/04/2014,14/03/2014,Gnocchi di nonna Alice,Grains & Cereals
10464,60,27.2,20,0,FURIB,04/03/2014,01/04/2014,14/03/2014,Camembert Pierrot,Dairy Products
10465,24,3.6,25,0,VAFFE,05/03/2014,02/04/2014,14/03/2014,Guarana Fantastica,Beverages
10465,29,99,18,0.1,VAFFE,05/03/2014,02/04/2014,14/03/2014,Thüringer Rostbratwurst,Meat & Poultry
10465,40,14.7,20,0,VAFFE,05/03/2014,02/04/2014,14/03/2014,Boston Crab Meat,Seafood
10465,45,7.6,30,0.1,VAFFE,05/03/2014,02/04/2014,14/03/2014,Rogede sild,Seafood
10465,50,13,25,0,VAFFE,05/03/2014,02/04/2014,14/03/2014,Valkoinen suklaa,Confections
10466,11,16.8,10,0,COMMI,06/03/2014,03/04/2014,13/03/2014,Queso Cabrales,Dairy Products
10466,46,9.6,5,0,COMMI,06/03/2014,03/04/2014,13/03/2014,Spegesild,Seafood
10467,24,3.6,28,0,MAGAA,06/03/2014,03/04/2014,11/03/2014,Guarana Fantastica,Beverages
10467,25,11.2,12,0,MAGAA,06/03/2014,03/04/2014,11/03/2014,NuNuCa Nuß-Nougat-Creme,Confections
10468,30,20.7,8,0,KOENE,07/03/2014,04/04/2014,12/03/2014,Nord-Ost Matjeshering,Seafood
10468,43,36.8,15,0,KOENE,07/03/2014,04/04/2014,12/03/2014,Ipoh Coffee,Beverages
10469,2,15.2,40,0.15,WHITC,10/03/2014,07/04/2014,14/03/2014,Chang,Beverages
10469,16,13.9,35,0.15,WHITC,10/03/2014,07/04/2014,14/03/2014,Pavlova,Confections
10469,44,15.5,2,0.15,WHITC,10/03/2014,07/04/2014,14/03/2014,Gula Malacca,Condiments
10470,18,50,30,0,BONAP,11/03/2014,08/04/2014,14/03/2014,Carnarvon Tigers,Seafood
10470,23,7.2,15,0,BONAP,11/03/2014,08/04/2014,14/03/2014,Tunnbröd,Grains & Cereals
10470,64,26.6,8,0,BONAP,11/03/2014,08/04/2014,14/03/2014,Wimmers gute Semmelknödel,Grains & Cereals
10471,7,24,30,0,BSBEV,11/03/2014,08/04/2014,18/03/2014,Uncle Bob's Organic Dried Pears,Produce
10471,56,30.4,20,0,BSBEV,11/03/2014,08/04/2014,18/03/2014,Gnocchi di nonna Alice,Grains & Cereals
10472,24,3.6,80,0.05,SEVES,12/03/2014,09/04/2014,19/03/2014,Guarana Fantastica,Beverages
10472,51,42.4,18,0,SEVES,12/03/2014,09/04/2014,19/03/2014,Manjimup Dried Apples,Produce
10473,33,2,12,0,ISLAT,13/03/2014,27/03/2014,21/03/2014,Geitost,Dairy Products
10473,71,17.2,12,0,ISLAT,13/03/2014,27/03/2014,21/03/2014,Flotemysost,Dairy Products
10474,14,18.6,12,0,PERIC,13/03/2014,10/04/2014,21/03/2014,Tofu,Produce
10474,28,36.4,18,0,PERIC,13/03/2014,10/04/2014,21/03/2014,Rössle Sauerkraut,Produce
10474,40,14.7,21,0,PERIC,13/03/2014,10/04/2014,21/03/2014,Boston Crab Meat,Seafood
10474,75,6.2,10,0,PERIC,13/03/2014,10/04/2014,21/03/2014,Rhönbräu Klosterbier,Beverages
10475,31,10,35,0.15,SUPRD,14/03/2014,11/04/2014,04/04/2014,Gorgonzola Telino,Dairy Products
10475,66,13.6,60,0.15,SUPRD,14/03/2014,11/04/2014,04/04/2014,Louisiana Hot Spiced Okra,Condiments
10475,76,14.4,42,0.15,SUPRD,14/03/2014,11/04/2014,04/04/2014,Lakkaliköri,Beverages
10476,55,19.2,2,0.05,HILAA,17/03/2014,14/04/2014,24/03/2014,Pâté chinois,Meat & Poultry
10476,70,12,12,0,HILAA,17/03/2014,14/04/2014,24/03/2014,Outback Lager,Beverages
10477,1,14.4,15,0,PRINI,17/03/2014,14/04/2014,25/03/2014,Chai,Beverages
10477,21,8,21,0.25,PRINI,17/03/2014,14/04/2014,25/03/2014,Sir Rodney's Scones,Confections
10477,39,14.4,20,0.25,PRINI,17/03/2014,14/04/2014,25/03/2014,Chartreuse verte,Beverages
10478,10,24.8,20,0.05,VICTE,18/03/2014,01/04/2014,26/03/2014,Ikura,Seafood
10479,38,210.8,30,0,RATTC,19/03/2014,16/04/2014,21/03/2014,Côte de Blaye,Beverages
10479,53,26.2,28,0,RATTC,19/03/2014,16/04/2014,21/03/2014,Perth Pasties,Meat & Poultry
10479,59,44,60,0,RATTC,19/03/2014,16/04/2014,21/03/2014,Raclette Courdavault,Dairy Products
10479,64,26.6,30,0,RATTC,19/03/2014,16/04/2014,21/03/2014,Wimmers gute Semmelknödel,Grains & Cereals
10480,47,7.6,30,0,FOLIG,20/03/2014,17/04/2014,24/03/2014,Zaanse koeken,Confections
10480,59,44,12,0,FOLIG,20/03/2014,17/04/2014,24/03/2014,Raclette Courdavault,Dairy Products
10481,49,16,24,0,RICAR,20/03/2014,17/04/2014,25/03/2014,Maxilaku,Confections
10481,60,27.2,40,0,RICAR,20/03/2014,17/04/2014,25/03/2014,Camembert Pierrot,Dairy Products
10482,40,14.7,10,0,LAZYK,21/03/2014,18/04/2014,10/04/2014,Boston Crab Meat,Seafood
10483,34,11.2,35,0.05,WHITC,24/03/2014,21/04/2014,25/04/2014,Sasquatch Ale,Beverages
10483,77,10.4,30,0.05,WHITC,24/03/2014,21/04/2014,25/04/2014,Original Frankfurter Grüne Soße,Condiments
10484,21,8,14,0,BSBEV,24/03/2014,21/04/2014,01/04/2014,Sir Rodney's Scones,Confections
10484,40,14.7,10,0,BSBEV,24/03/2014,21/04/2014,01/04/2014,Boston Crab Meat,Seafood
10484,51,42.4,3,0,BSBEV,24/03/2014,21/04/2014,01/04/2014,Manjimup Dried Apples,Produce
10485,2,15.2,20,0.1,LINOD,25/03/2014,08/04/2014,31/03/2014,Chang,Beverages
10485,3,8,20,0.1,LINOD,25/03/2014,08/04/2014,31/03/2014,Aniseed Syrup,Condiments
10485,55,19.2,30,0.1,LINOD,25/03/2014,08/04/2014,31/03/2014,Pâté chinois,Meat & Poultry
10485,70,12,60,0.1,LINOD,25/03/2014,08/04/2014,31/03/2014,Outback Lager,Beverages
10486,11,16.8,5,0,HILAA,26/03/2014,23/04/2014,02/04/2014,Queso Cabrales,Dairy Products
10486,51,42.4,25,0,HILAA,26/03/2014,23/04/2014,02/04/2014,Manjimup Dried Apples,Produce
10486,74,8,16,0,HILAA,26/03/2014,23/04/2014,02/04/2014,Longlife Tofu,Produce
10487,19,7.3,5,0,QUEEN,26/03/2014,23/04/2014,28/03/2014,Teatime Chocolate Biscuits,Confections
10487,26,24.9,30,0,QUEEN,26/03/2014,23/04/2014,28/03/2014,Gumbär Gummibärchen,Confections
10487,54,5.9,24,0.25,QUEEN,26/03/2014,23/04/2014,28/03/2014,Tourtière,Meat & Poultry
10488,59,44,30,0,FRANK,27/03/2014,24/04/2014,02/04/2014,Raclette Courdavault,Dairy Products
10488,73,12,20,0.2,FRANK,27/03/2014,24/04/2014,02/04/2014,Röd Kaviar,Seafood
10489,11,16.8,15,0.25,PICCO,28/03/2014,25/04/2014,09/04/2014,Queso Cabrales,Dairy Products
10489,16,13.9,18,0,PICCO,28/03/2014,25/04/2014,09/04/2014,Pavlova,Confections
10490,59,44,60,0,HILAA,31/03/2014,28/04/2014,03/04/2014,Raclette Courdavault,Dairy Products
10490,68,10,30,0,HILAA,31/03/2014,28/04/2014,03/04/2014,Scottish Longbreads,Confections
10490,75,6.2,36,0,HILAA,31/03/2014,28/04/2014,03/04/2014,Rhönbräu Klosterbier,Beverages
10491,44,15.5,15,0.15,FURIB,31/03/2014,28/04/2014,08/04/2014,Gula Malacca,Condiments
10491,77,10.4,7,0.15,FURIB,31/03/2014,28/04/2014,08/04/2014,Original Frankfurter Grüne Soße,Condiments
10492,25,11.2,60,0.05,BOTTM,01/04/2014,29/04/2014,11/04/2014,NuNuCa Nuß-Nougat-Creme,Confections
10492,42,11.2,20,0.05,BOTTM,01/04/2014,29/04/2014,11/04/2014,Singaporean Hokkien Fried Mee,Grains & Cereals
10493,65,16.8,15,0.1,LAMAI,02/04/2014,30/04/2014,10/04/2014,Louisiana Fiery Hot Pepper Sauce,Condiments
10493,66,13.6,10,0.1,LAMAI,02/04/2014,30/04/2014,10/04/2014,Louisiana Hot Spiced Okra,Condiments
10493,69,28.8,10,0.1,LAMAI,02/04/2014,30/04/2014,10/04/2014,Gudbrandsdalsost,Dairy Products
10494,56,30.4,30,0,COMMI,02/04/2014,30/04/2014,09/04/2014,Gnocchi di nonna Alice,Grains & Cereals
10495,23,7.2,10,0,LAUGB,03/04/2014,01/05/2014,11/04/2014,Tunnbröd,Grains & Cereals
10495,41,7.7,20,0,LAUGB,03/04/2014,01/05/2014,11/04/2014,Jack's New England Clam Chowder,Seafood
10495,77,10.4,5,0,LAUGB,03/04/2014,01/05/2014,11/04/2014,Original Frankfurter Grüne Soße,Condiments
10496,31,10,20,0.05,TRADH,04/04/2014,02/05/2014,07/04/2014,Gorgonzola Telino,Dairy Products
10497,56,30.4,14,0,LEHMS,04/04/2014,02/05/2014,07/04/2014,Gnocchi di nonna Alice,Grains & Cereals
10497,72,27.8,25,0,LEHMS,04/04/2014,02/05/2014,07/04/2014,Mozzarella di Giovanni,Dairy Products
10497,77,10.4,25,0,LEHMS,04/04/2014,02/05/2014,07/04/2014,Original Frankfurter Grüne Soße,Condiments
10498,24,4.5,14,0,HILAA,07/04/2014,05/05/2014,11/04/2014,Guarana Fantastica,Beverages
10498,40,18.4,5,0,HILAA,07/04/2014,05/05/2014,11/04/2014,Boston Crab Meat,Seafood
10498,42,14,30,0,HILAA,07/04/2014,05/05/2014,11/04/2014,Singaporean Hokkien Fried Mee,Grains & Cereals
10499,28,45.6,20,0,LILAS,08/04/2014,06/05/2014,16/04/2014,Rössle Sauerkraut,Produce
10499,49,20,25,0,LILAS,08/04/2014,06/05/2014,16/04/2014,Maxilaku,Confections
10500,15,15.5,12,0.05,LAMAI,09/04/2014,07/05/2014,17/04/2014,Genen Shouyu,Condiments
10500,28,45.6,8,0.05,LAMAI,09/04/2014,07/05/2014,17/04/2014,Rössle Sauerkraut,Produce
10501,54,7.45,20,0,BLAUS,09/04/2014,07/05/2014,16/04/2014,Tourtière,Meat & Poultry
10502,45,9.5,21,0,PERIC,10/04/2014,08/05/2014,29/04/2014,Rogede sild,Seafood
10502,53,32.8,6,0,PERIC,10/04/2014,08/05/2014,29/04/2014,Perth Pasties,Meat & Poultry
10502,67,14,30,0,PERIC,10/04/2014,08/05/2014,29/04/2014,Laughing Lumberjack Lager,Beverages
10503,14,23.25,70,0,HUNGO,11/04/2014,09/05/2014,16/04/2014,Tofu,Produce
10503,65,21.05,20,0,HUNGO,11/04/2014,09/05/2014,16/04/2014,Louisiana Fiery Hot Pepper Sauce,Condiments
10504,2,19,12,0,WHITC,11/04/2014,09/05/2014,18/04/2014,Chang,Beverages
10504,21,10,12,0,WHITC,11/04/2014,09/05/2014,18/04/2014,Sir Rodney's Scones,Confections
10504,53,32.8,10,0,WHITC,11/04/2014,09/05/2014,18/04/2014,Perth Pasties,Meat & Poultry
10504,61,28.5,25,0,WHITC,11/04/2014,09/05/2014,18/04/2014,Sirop d'érable,Condiments
10505,62,49.3,3,0,MEREP,14/04/2014,12/05/2014,21/04/2014,Tarte au sucre,Confections
10506,25,14,18,0.1,KOENE,15/04/2014,13/05/2014,02/05/2014,NuNuCa Nuß-Nougat-Creme,Confections
10506,70,15,14,0.1,KOENE,15/04/2014,13/05/2014,02/05/2014,Outback Lager,Beverages
10507,43,46,15,0.15,ANTON,15/04/2014,13/05/2014,22/04/2014,Ipoh Coffee,Beverages
10507,48,12.75,15,0.15,ANTON,15/04/2014,13/05/2014,22/04/2014,Chocolade,Confections
10508,13,6,10,0,OTTIK,16/04/2014,14/05/2014,13/05/2014,Konbu,Seafood
10508,39,18,10,0,OTTIK,16/04/2014,14/05/2014,13/05/2014,Chartreuse verte,Beverages
10509,28,45.6,3,0,BLAUS,17/04/2014,15/05/2014,29/04/2014,Rössle Sauerkraut,Produce
10510,29,123.79,36,0,SAVEA,18/04/2014,16/05/2014,28/04/2014,Thüringer Rostbratwurst,Meat & Poultry
10510,75,7.75,36,0.1,SAVEA,18/04/2014,16/05/2014,28/04/2014,Rhönbräu Klosterbier,Beverages
10511,4,22,50,0.15,BONAP,18/04/2014,16/05/2014,21/04/2014,Chef Anton's Cajun Seasoning,Condiments
10511,7,30,50,0.15,BONAP,18/04/2014,16/05/2014,21/04/2014,Uncle Bob's Organic Dried Pears,Produce
10511,8,40,10,0.15,BONAP,18/04/2014,16/05/2014,21/04/2014,Northwoods Cranberry Sauce,Condiments
10512,24,4.5,10,0.15,FAMIA,21/04/2014,19/05/2014,24/04/2014,Guarana Fantastica,Beverages
10512,46,12,9,0.15,FAMIA,21/04/2014,19/05/2014,24/04/2014,Spegesild,Seafood
10512,47,9.5,6,0.15,FAMIA,21/04/2014,19/05/2014,24/04/2014,Zaanse koeken,Confections
10512,60,34,12,0.15,FAMIA,21/04/2014,19/05/2014,24/04/2014,Camembert Pierrot,Dairy Products
10513,21,10,40,0.2,WANDK,22/04/2014,03/06/2014,28/04/2014,Sir Rodney's Scones,Confections
10513,32,32,50,0.2,WANDK,22/04/2014,03/06/2014,28/04/2014,Mascarpone Fabioli,Dairy Products
10513,61,28.5,15,0.2,WANDK,22/04/2014,03/06/2014,28/04/2014,Sirop d'érable,Condiments
10514,20,81,39,0,ERNSH,22/04/2014,20/05/2014,16/05/2014,Sir Rodney's Marmalade,Confections
10514,28,45.6,35,0,ERNSH,22/04/2014,20/05/2014,16/05/2014,Rössle Sauerkraut,Produce
10514,56,38,70,0,ERNSH,22/04/2014,20/05/2014,16/05/2014,Gnocchi di nonna Alice,Grains & Cereals
10514,65,21.05,39,0,ERNSH,22/04/2014,20/05/2014,16/05/2014,Louisiana Fiery Hot Pepper Sauce,Condiments
10514,75,7.75,50,0,ERNSH,22/04/2014,20/05/2014,16/05/2014,Rhönbräu Klosterbier,Beverages
10515,9,97,16,0.15,QUICK,23/04/2014,07/05/2014,23/05/2014,Mishi Kobe Niku,Meat & Poultry
10515,16,17.45,50,0,QUICK,23/04/2014,07/05/2014,23/05/2014,Pavlova,Confections
10515,27,43.9,120,0,QUICK,23/04/2014,07/05/2014,23/05/2014,Schoggi Schokolade,Confections
10515,33,2.5,16,0.15,QUICK,23/04/2014,07/05/2014,23/05/2014,Geitost,Dairy Products
10515,60,34,84,0.15,QUICK,23/04/2014,07/05/2014,23/05/2014,Camembert Pierrot,Dairy Products
10516,18,62.5,25,0.1,HUNGO,24/04/2014,22/05/2014,01/05/2014,Carnarvon Tigers,Seafood
10516,41,9.65,80,0.1,HUNGO,24/04/2014,22/05/2014,01/05/2014,Jack's New England Clam Chowder,Seafood
10516,42,14,20,0,HUNGO,24/04/2014,22/05/2014,01/05/2014,Singaporean Hokkien Fried Mee,Grains & Cereals
10517,52,7,6,0,NORTS,24/04/2014,22/05/2014,29/04/2014,Filo Mix,Grains & Cereals
10517,59,55,4,0,NORTS,24/04/2014,22/05/2014,29/04/2014,Raclette Courdavault,Dairy Products
10517,70,15,6,0,NORTS,24/04/2014,22/05/2014,29/04/2014,Outback Lager,Beverages
10518,24,4.5,5,0,TORTU,25/04/2014,09/05/2014,05/05/2014,Guarana Fantastica,Beverages
10518,38,263.5,15,0,TORTU,25/04/2014,09/05/2014,05/05/2014,Côte de Blaye,Beverages
10518,44,19.45,9,0,TORTU,25/04/2014,09/05/2014,05/05/2014,Gula Malacca,Condiments
10519,10,31,16,0.05,CHOPS,28/04/2014,26/05/2014,01/05/2014,Ikura,Seafood
10519,56,38,40,0,CHOPS,28/04/2014,26/05/2014,01/05/2014,Gnocchi di nonna Alice,Grains & Cereals
10519,60,34,10,0.05,CHOPS,28/04/2014,26/05/2014,01/05/2014,Camembert Pierrot,Dairy Products
10520,24,4.5,8,0,SANTG,29/04/2014,27/05/2014,01/05/2014,Guarana Fantastica,Beverages
10520,53,32.8,5,0,SANTG,29/04/2014,27/05/2014,01/05/2014,Perth Pasties,Meat & Poultry
10521,35,18,3,0,CACTU,29/04/2014,27/05/2014,02/05/2014,Steeleye Stout,Beverages
10521,41,9.65,10,0,CACTU,29/04/2014,27/05/2014,02/05/2014,Jack's New England Clam Chowder,Seafood
10521,68,12.5,6,0,CACTU,29/04/2014,27/05/2014,02/05/2014,Scottish Longbreads,Confections
10522,1,18,40,0.2,LEHMS,30/04/2014,28/05/2014,06/05/2014,Chai,Beverages
10522,8,40,24,0,LEHMS,30/04/2014,28/05/2014,06/05/2014,Northwoods Cranberry Sauce,Condiments
10522,30,25.89,20,0.2,LEHMS,30/04/2014,28/05/2014,06/05/2014,Nord-Ost Matjeshering,Seafood
10522,40,18.4,25,0.2,LEHMS,30/04/2014,28/05/2014,06/05/2014,Boston Crab Meat,Seafood
10523,17,39,25,0.1,SEVES,01/05/2014,29/05/2014,30/05/2014,Alice Mutton,Meat & Poultry
10523,20,81,15,0.1,SEVES,01/05/2014,29/05/2014,30/05/2014,Sir Rodney's Marmalade,Confections
10523,37,26,18,0.1,SEVES,01/05/2014,29/05/2014,30/05/2014,Gravad lax,Seafood
10523,41,9.65,6,0.1,SEVES,01/05/2014,29/05/2014,30/05/2014,Jack's New England Clam Chowder,Seafood
10524,10,31,2,0,BERGS,01/05/2014,29/05/2014,07/05/2014,Ikura,Seafood
10524,30,25.89,10,0,BERGS,01/05/2014,29/05/2014,07/05/2014,Nord-Ost Matjeshering,Seafood
10524,43,46,60,0,BERGS,01/05/2014,29/05/2014,07/05/2014,Ipoh Coffee,Beverages
10524,54,7.45,15,0,BERGS,01/05/2014,29/05/2014,07/05/2014,Tourtière,Meat & Poultry
10525,36,19,30,0,BONAP,02/05/2014,30/05/2014,23/05/2014,Inlagd Sill,Seafood
10525,40,18.4,15,0.1,BONAP,02/05/2014,30/05/2014,23/05/2014,Boston Crab Meat,Seafood
10526,1,18,8,0.15,WARTH,05/05/2014,02/06/2014,15/05/2014,Chai,Beverages
10526,13,6,10,0,WARTH,05/05/2014,02/06/2014,15/05/2014,Konbu,Seafood
10526,56,38,30,0.15,WARTH,05/05/2014,02/06/2014,15/05/2014,Gnocchi di nonna Alice,Grains & Cereals
10527,4,22,50,0.1,QUICK,05/05/2014,02/06/2014,07/05/2014,Chef Anton's Cajun Seasoning,Condiments
10527,36,19,30,0.1,QUICK,05/05/2014,02/06/2014,07/05/2014,Inlagd Sill,Seafood
10528,11,21,3,0,GREAL,06/05/2014,20/05/2014,09/05/2014,Queso Cabrales,Dairy Products
10528,33,2.5,8,0.2,GREAL,06/05/2014,20/05/2014,09/05/2014,Geitost,Dairy Products
10528,72,34.8,9,0,GREAL,06/05/2014,20/05/2014,09/05/2014,Mozzarella di Giovanni,Dairy Products
10529,55,24,14,0,MAISD,07/05/2014,04/06/2014,09/05/2014,Pâté chinois,Meat & Poultry
10529,68,12.5,20,0,MAISD,07/05/2014,04/06/2014,09/05/2014,Scottish Longbreads,Confections
10529,69,36,10,0,MAISD,07/05/2014,04/06/2014,09/05/2014,Gudbrandsdalsost,Dairy Products
10530,17,39,40,0,PICCO,08/05/2014,05/06/2014,12/05/2014,Alice Mutton,Meat & Poultry
10530,43,46,25,0,PICCO,08/05/2014,05/06/2014,12/05/2014,Ipoh Coffee,Beverages
10530,61,28.5,20,0,PICCO,08/05/2014,05/06/2014,12/05/2014,Sirop d'érable,Condiments
10530,76,18,50,0,PICCO,08/05/2014,05/06/2014,12/05/2014,Lakkaliköri,Beverages
10531,59,55,2,0,OCEAN,08/05/2014,05/06/2014,19/05/2014,Raclette Courdavault,Dairy Products
10532,30,25.89,15,0,EASTC,09/05/2014,06/06/2014,12/05/2014,Nord-Ost Matjeshering,Seafood
10532,66,17,24,0,EASTC,09/05/2014,06/06/2014,12/05/2014,Louisiana Hot Spiced Okra,Condiments
10533,4,22,50,0.05,FOLKO,12/05/2014,09/06/2014,22/05/2014,Chef Anton's Cajun Seasoning,Condiments
10533,72,34.8,24,0,FOLKO,12/05/2014,09/06/2014,22/05/2014,Mozzarella di Giovanni,Dairy Products
10533,73,15,24,0.05,FOLKO,12/05/2014,09/06/2014,22/05/2014,Röd Kaviar,Seafood
10534,30,25.89,10,0,LEHMS,12/05/2014,09/06/2014,14/05/2014,Nord-Ost Matjeshering,Seafood
10534,40,18.4,10,0.2,LEHMS,12/05/2014,09/06/2014,14/05/2014,Boston Crab Meat,Seafood
10534,54,7.45,10,0.2,LEHMS,12/05/2014,09/06/2014,14/05/2014,Tourtière,Meat & Poultry
10535,11,21,50,0.1,ANTON,13/05/2014,10/06/2014,21/05/2014,Queso Cabrales,Dairy Products
10535,40,18.4,10,0.1,ANTON,13/05/2014,10/06/2014,21/05/2014,Boston Crab Meat,Seafood
10535,57,19.5,5,0.1,ANTON,13/05/2014,10/06/2014,21/05/2014,Ravioli Angelo,Grains & Cereals
10535,59,55,15,0.1,ANTON,13/05/2014,10/06/2014,21/05/2014,Raclette Courdavault,Dairy Products
10536,12,38,15,0.25,LEHMS,14/05/2014,11/06/2014,06/06/2014,Queso Manchego La Pastora,Dairy Products
10536,31,12.5,20,0,LEHMS,14/05/2014,11/06/2014,06/06/2014,Gorgonzola Telino,Dairy Products
10536,33,2.5,30,0,LEHMS,14/05/2014,11/06/2014,06/06/2014,Geitost,Dairy Products
10536,60,34,35,0.25,LEHMS,14/05/2014,11/06/2014,06/06/2014,Camembert Pierrot,Dairy Products
10537,31,12.5,30,0,RICSU,14/05/2014,28/05/2014,19/05/2014,Gorgonzola Telino,Dairy Products
10537,51,53,6,0,RICSU,14/05/2014,28/05/2014,19/05/2014,Manjimup Dried Apples,Produce
10537,58,13.25,20,0,RICSU,14/05/2014,28/05/2014,19/05/2014,Escargots de Bourgogne,Seafood
10537,72,34.8,21,0,RICSU,14/05/2014,28/05/2014,19/05/2014,Mozzarella di Giovanni,Dairy Products
10537,73,15,9,0,RICSU,14/05/2014,28/05/2014,19/05/2014,Röd Kaviar,Seafood
10538,70,15,7,0,BSBEV,15/05/2014,12/06/2014,16/05/2014,Outback Lager,Beverages
10538,72,34.8,1,0,BSBEV,15/05/2014,12/06/2014,16/05/2014,Mozzarella di Giovanni,Dairy Products
10539,13,6,8,0,BSBEV,16/05/2014,13/06/2014,23/05/2014,Konbu,Seafood
10539,21,10,15,0,BSBEV,16/05/2014,13/06/2014,23/05/2014,Sir Rodney's Scones,Confections
10539,33,2.5,15,0,BSBEV,16/05/2014,13/06/2014,23/05/2014,Geitost,Dairy Products
10539,49,20,6,0,BSBEV,16/05/2014,13/06/2014,23/05/2014,Maxilaku,Confections
10540,3,10,60,0,QUICK,19/05/2014,16/06/2014,13/06/2014,Aniseed Syrup,Condiments
10540,26,31.23,40,0,QUICK,19/05/2014,16/06/2014,13/06/2014,Gumbär Gummibärchen,Confections
10540,38,263.5,30,0,QUICK,19/05/2014,16/06/2014,13/06/2014,Côte de Blaye,Beverages
10540,68,12.5,35,0,QUICK,19/05/2014,16/06/2014,13/06/2014,Scottish Longbreads,Confections
10541,24,4.5,35,0.1,HANAR,19/05/2014,16/06/2014,29/05/2014,Guarana Fantastica,Beverages
10541,38,263.5,4,0.1,HANAR,19/05/2014,16/06/2014,29/05/2014,Côte de Blaye,Beverages
10541,65,21.05,36,0.1,HANAR,19/05/2014,16/06/2014,29/05/2014,Louisiana Fiery Hot Pepper Sauce,Condiments
10541,71,21.5,9,0.1,HANAR,19/05/2014,16/06/2014,29/05/2014,Flotemysost,Dairy Products
10542,11,21,15,0.05,KOENE,20/05/2014,17/06/2014,26/05/2014,Queso Cabrales,Dairy Products
10542,54,7.45,24,0.05,KOENE,20/05/2014,17/06/2014,26/05/2014,Tourtière,Meat & Poultry
10543,12,38,30,0.15,LILAS,21/05/2014,18/06/2014,23/05/2014,Queso Manchego La Pastora,Dairy Products
10543,23,9,70,0.15,LILAS,21/05/2014,18/06/2014,23/05/2014,Tunnbröd,Grains & Cereals
10544,28,45.6,7,0,LONEP,21/05/2014,18/06/2014,30/05/2014,Rössle Sauerkraut,Produce
10544,67,14,7,0,LONEP,21/05/2014,18/06/2014,30/05/2014,Laughing Lumberjack Lager,Beverages
10545,11,21,10,0,LAZYK,22/05/2014,19/06/2014,26/06/2014,Queso Cabrales,Dairy Products
10546,7,30,10,0,VICTE,23/05/2014,20/06/2014,27/05/2014,Uncle Bob's Organic Dried Pears,Produce
10546,35,18,30,0,VICTE,23/05/2014,20/06/2014,27/05/2014,Steeleye Stout,Beverages
10546,62,49.3,40,0,VICTE,23/05/2014,20/06/2014,27/05/2014,Tarte au sucre,Confections
10547,32,32,24,0.15,SEVES,23/05/2014,20/06/2014,02/06/2014,Mascarpone Fabioli,Dairy Products
10547,36,19,60,0,SEVES,23/05/2014,20/06/2014,02/06/2014,Inlagd Sill,Seafood
10548,34,14,10,0.25,TOMSP,26/05/2014,23/06/2014,02/06/2014,Sasquatch Ale,Beverages
10548,41,9.65,14,0,TOMSP,26/05/2014,23/06/2014,02/06/2014,Jack's New England Clam Chowder,Seafood
10549,31,12.5,55,0.15,QUICK,27/05/2014,10/06/2014,30/05/2014,Gorgonzola Telino,Dairy Products
10549,45,9.5,100,0.15,QUICK,27/05/2014,10/06/2014,30/05/2014,Rogede sild,Seafood
10549,51,53,48,0.15,QUICK,27/05/2014,10/06/2014,30/05/2014,Manjimup Dried Apples,Produce
10550,17,39,8,0.1,GODOS,28/05/2014,25/06/2014,06/06/2014,Alice Mutton,Meat & Poultry
10550,19,9.2,10,0,GODOS,28/05/2014,25/06/2014,06/06/2014,Teatime Chocolate Biscuits,Confections
10550,21,10,6,0.1,GODOS,28/05/2014,25/06/2014,06/06/2014,Sir Rodney's Scones,Confections
10550,61,28.5,10,0.1,GODOS,28/05/2014,25/06/2014,06/06/2014,Sirop d'érable,Condiments
10551,16,17.45,40,0.15,FURIB,28/05/2014,09/07/2014,06/06/2014,Pavlova,Confections
10551,35,18,20,0.15,FURIB,28/05/2014,09/07/2014,06/06/2014,Steeleye Stout,Beverages
10551,44,19.45,40,0,FURIB,28/05/2014,09/07/2014,06/06/2014,Gula Malacca,Condiments
10552,69,36,18,0,HILAA,29/05/2014,26/06/2014,05/06/2014,Gudbrandsdalsost,Dairy Products
10552,75,7.75,30,0,HILAA,29/05/2014,26/06/2014,05/06/2014,Rhönbräu Klosterbier,Beverages
10553,11,21,15,0,WARTH,30/05/2014,27/06/2014,03/06/2014,Queso Cabrales,Dairy Products
10553,16,17.45,14,0,WARTH,30/05/2014,27/06/2014,03/06/2014,Pavlova,Confections
10553,22,21,24,0,WARTH,30/05/2014,27/06/2014,03/06/2014,Gustaf's Knackebröd,Grains & Cereals
10553,31,12.5,30,0,WARTH,30/05/2014,27/06/2014,03/06/2014,Gorgonzola Telino,Dairy Products
10553,35,18,6,0,WARTH,30/05/2014,27/06/2014,03/06/2014,Steeleye Stout,Beverages
10554,16,17.45,30,0.05,OTTIK,30/05/2014,27/06/2014,05/06/2014,Pavlova,Confections
10554,23,9,20,0.05,OTTIK,30/05/2014,27/06/2014,05/06/2014,Tunnbröd,Grains & Cereals
10554,62,49.3,20,0.05,OTTIK,30/05/2014,27/06/2014,05/06/2014,Tarte au sucre,Confections
10554,77,13,10,0.05,OTTIK,30/05/2014,27/06/2014,05/06/2014,Original Frankfurter Grüne Soße,Condiments
10555,14,23.25,30,0.2,SAVEA,02/06/2014,30/06/2014,04/06/2014,Tofu,Produce
10555,19,9.2,35,0.2,SAVEA,02/06/2014,30/06/2014,04/06/2014,Teatime Chocolate Biscuits,Confections
10555,24,4.5,18,0.2,SAVEA,02/06/2014,30/06/2014,04/06/2014,Guarana Fantastica,Beverages
10555,51,53,20,0.2,SAVEA,02/06/2014,30/06/2014,04/06/2014,Manjimup Dried Apples,Produce
10555,56,38,40,0.2,SAVEA,02/06/2014,30/06/2014,04/06/2014,Gnocchi di nonna Alice,Grains & Cereals
10556,72,34.8,24,0,SIMOB,03/06/2014,15/07/2014,13/06/2014,Mozzarella di Giovanni,Dairy Products
10557,64,33.25,30,0,LEHMS,03/06/2014,17/06/2014,06/06/2014,Wimmers gute Semmelknödel,Grains & Cereals
10557,75,7.75,20,0,LEHMS,03/06/2014,17/06/2014,06/06/2014,Rhönbräu Klosterbier,Beverages
10558,47,9.5,25,0,AROUT,04/06/2014,02/07/2014,10/06/2014,Zaanse koeken,Confections
10558,51,53,20,0,AROUT,04/06/2014,02/07/2014,10/06/2014,Manjimup Dried Apples,Produce
10558,52,7,30,0,AROUT,04/06/2014,02/07/2014,10/06/2014,Filo Mix,Grains & Cereals
10558,53,32.8,18,0,AROUT,04/06/2014,02/07/2014,10/06/2014,Perth Pasties,Meat & Poultry
10558,73,15,3,0,AROUT,04/06/2014,02/07/2014,10/06/2014,Röd Kaviar,Seafood
10559,41,9.65,12,0.05,BLONP,05/06/2014,03/07/2014,13/06/2014,Jack's New England Clam Chowder,Seafood
10559,55,24,18,0.05,BLONP,05/06/2014,03/07/2014,13/06/2014,Pâté chinois,Meat & Poultry
10560,30,25.89,20,0,FRANK,06/06/2014,04/07/2014,09/06/2014,Nord-Ost Matjeshering,Seafood
10560,62,49.3,15,0.25,FRANK,06/06/2014,04/07/2014,09/06/2014,Tarte au sucre,Confections
10561,44,19.45,10,0,FOLKO,06/06/2014,04/07/2014,09/06/2014,Gula Malacca,Condiments
10561,51,53,50,0,FOLKO,06/06/2014,04/07/2014,09/06/2014,Manjimup Dried Apples,Produce
10562,33,2.5,20,0.1,REGGC,09/06/2014,07/07/2014,12/06/2014,Geitost,Dairy Products
10562,62,49.3,10,0.1,REGGC,09/06/2014,07/07/2014,12/06/2014,Tarte au sucre,Confections
10563,36,19,25,0,RICAR,10/06/2014,22/07/2014,24/06/2014,Inlagd Sill,Seafood
10563,52,7,70,0,RICAR,10/06/2014,22/07/2014,24/06/2014,Filo Mix,Grains & Cereals
10564,17,39,16,0.05,RATTC,10/06/2014,08/07/2014,16/06/2014,Alice Mutton,Meat & Poultry
10564,31,12.5,6,0.05,RATTC,10/06/2014,08/07/2014,16/06/2014,Gorgonzola Telino,Dairy Products
10564,55,24,25,0.05,RATTC,10/06/2014,08/07/2014,16/06/2014,Pâté chinois,Meat & Poultry
10565,24,4.5,25,0.1,MEREP,11/06/2014,09/07/2014,18/06/2014,Guarana Fantastica,Beverages
10565,64,33.25,18,0.1,MEREP,11/06/2014,09/07/2014,18/06/2014,Wimmers gute Semmelknödel,Grains & Cereals
10566,11,21,35,0.15,BLONP,12/06/2014,10/07/2014,18/06/2014,Queso Cabrales,Dairy Products
10566,18,62.5,18,0.15,BLONP,12/06/2014,10/07/2014,18/06/2014,Carnarvon Tigers,Seafood
10566,76,18,10,0,BLONP,12/06/2014,10/07/2014,18/06/2014,Lakkaliköri,Beverages
10567,31,12.5,60,0.2,HUNGO,12/06/2014,10/07/2014,17/06/2014,Gorgonzola Telino,Dairy Products
10567,51,53,3,0,HUNGO,12/06/2014,10/07/2014,17/06/2014,Manjimup Dried Apples,Produce
10567,59,55,40,0.2,HUNGO,12/06/2014,10/07/2014,17/06/2014,Raclette Courdavault,Dairy Products
10568,10,31,5,0,GALED,13/06/2014,11/07/2014,09/07/2014,Ikura,Seafood
10569,31,12.5,35,0.2,RATTC,16/06/2014,14/07/2014,11/07/2014,Gorgonzola Telino,Dairy Products
10569,76,18,30,0,RATTC,16/06/2014,14/07/2014,11/07/2014,Lakkaliköri,Beverages
10570,11,21,15,0.05,MEREP,17/06/2014,15/07/2014,19/06/2014,Queso Cabrales,Dairy Products
10570,56,38,60,0.05,MEREP,17/06/2014,15/07/2014,19/06/2014,Gnocchi di nonna Alice,Grains & Cereals
10571,14,23.25,11,0.15,ERNSH,17/06/2014,29/07/2014,04/07/2014,Tofu,Produce
10571,42,14,28,0.15,ERNSH,17/06/2014,29/07/2014,04/07/2014,Singaporean Hokkien Fried Mee,Grains & Cereals
10572,16,17.45,12,0.1,BERGS,18/06/2014,16/07/2014,25/06/2014,Pavlova,Confections
10572,32,32,10,0.1,BERGS,18/06/2014,16/07/2014,25/06/2014,Mascarpone Fabioli,Dairy Products
10572,40,18.4,50,0,BERGS,18/06/2014,16/07/2014,25/06/2014,Boston Crab Meat,Seafood
10572,75,7.75,15,0.1,BERGS,18/06/2014,16/07/2014,25/06/2014,Rhönbräu Klosterbier,Beverages
10573,17,39,18,0,ANTON,19/06/2014,17/07/2014,20/06/2014,Alice Mutton,Meat & Poultry
10573,34,14,40,0,ANTON,19/06/2014,17/07/2014,20/06/2014,Sasquatch Ale,Beverages
10573,53,32.8,25,0,ANTON,19/06/2014,17/07/2014,20/06/2014,Perth Pasties,Meat & Poultry
10574,33,2.5,14,0,TRAIH,19/06/2014,17/07/2014,30/06/2014,Geitost,Dairy Products
10574,40,18.4,2,0,TRAIH,19/06/2014,17/07/2014,30/06/2014,Boston Crab Meat,Seafood
10574,62,49.3,10,0,TRAIH,19/06/2014,17/07/2014,30/06/2014,Tarte au sucre,Confections
10574,64,33.25,6,0,TRAIH,19/06/2014,17/07/2014,30/06/2014,Wimmers gute Semmelknödel,Grains & Cereals
10575,59,55,12,0,MORGK,20/06/2014,04/07/2014,30/06/2014,Raclette Courdavault,Dairy Products
10575,63,43.9,6,0,MORGK,20/06/2014,04/07/2014,30/06/2014,Vegie-spread,Condiments
10575,72,34.8,30,0,MORGK,20/06/2014,04/07/2014,30/06/2014,Mozzarella di Giovanni,Dairy Products
10575,76,18,10,0,MORGK,20/06/2014,04/07/2014,30/06/2014,Lakkaliköri,Beverages
10576,1,18,10,0,TORTU,23/06/2014,07/07/2014,30/06/2014,Chai,Beverages
10576,31,12.5,20,0,TORTU,23/06/2014,07/07/2014,30/06/2014,Gorgonzola Telino,Dairy Products
10576,44,19.45,21,0,TORTU,23/06/2014,07/07/2014,30/06/2014,Gula Malacca,Condiments
10577,39,18,10,0,TRAIH,23/06/2014,04/08/2014,30/06/2014,Chartreuse verte,Beverages
10577,75,7.75,20,0,TRAIH,23/06/2014,04/08/2014,30/06/2014,Rhönbräu Klosterbier,Beverages
10577,77,13,18,0,TRAIH,23/06/2014,04/08/2014,30/06/2014,Original Frankfurter Grüne Soße,Condiments
10578,35,18,20,0,BSBEV,24/06/2014,22/07/2014,25/07/2014,Steeleye Stout,Beverages
10578,57,19.5,6,0,BSBEV,24/06/2014,22/07/2014,25/07/2014,Ravioli Angelo,Grains & Cereals
10579,15,15.5,10,0,LETSS,25/06/2014,23/07/2014,04/07/2014,Genen Shouyu,Condiments
10579,75,7.75,21,0,LETSS,25/06/2014,23/07/2014,04/07/2014,Rhönbräu Klosterbier,Beverages
10580,14,23.25,15,0.05,OTTIK,26/06/2014,24/07/2014,01/07/2014,Tofu,Produce
10580,41,9.65,9,0.05,OTTIK,26/06/2014,24/07/2014,01/07/2014,Jack's New England Clam Chowder,Seafood
10580,65,21.05,30,0.05,OTTIK,26/06/2014,24/07/2014,01/07/2014,Louisiana Fiery Hot Pepper Sauce,Condiments
10581,75,7.75,50,0.2,FAMIA,26/06/2014,24/07/2014,02/07/2014,Rhönbräu Klosterbier,Beverages
10582,57,19.5,4,0,BLAUS,27/06/2014,25/07/2014,14/07/2014,Ravioli Angelo,Grains & Cereals
10582,76,18,14,0,BLAUS,27/06/2014,25/07/2014,14/07/2014,Lakkaliköri,Beverages
10583,29,123.79,10,0,WARTH,30/06/2014,28/07/2014,04/07/2014,Thüringer Rostbratwurst,Meat & Poultry
10583,60,34,24,0.15,WARTH,30/06/2014,28/07/2014,04/07/2014,Camembert Pierrot,Dairy Products
10583,69,36,10,0.15,WARTH,30/06/2014,28/07/2014,04/07/2014,Gudbrandsdalsost,Dairy Products
10584,31,12.5,50,0.05,BLONP,30/06/2014,28/07/2014,04/07/2014,Gorgonzola Telino,Dairy Products
10585,47,9.5,15,0,WELLI,01/07/2014,29/07/2014,10/07/2014,Zaanse koeken,Confections
10586,52,7,4,0.15,REGGC,02/07/2014,30/07/2014,09/07/2014,Filo Mix,Grains & Cereals
10587,26,31.23,6,0,QUEDE,02/07/2014,30/07/2014,09/07/2014,Gumbär Gummibärchen,Confections
10587,35,18,20,0,QUEDE,02/07/2014,30/07/2014,09/07/2014,Steeleye Stout,Beverages
10587,77,13,20,0,QUEDE,02/07/2014,30/07/2014,09/07/2014,Original Frankfurter Grüne Soße,Condiments
10588,18,62.5,40,0.2,QUICK,03/07/2014,31/07/2014,10/07/2014,Carnarvon Tigers,Seafood
10588,42,14,100,0.2,QUICK,03/07/2014,31/07/2014,10/07/2014,Singaporean Hokkien Fried Mee,Grains & Cereals
10589,35,18,4,0,GREAL,04/07/2014,01/08/2014,14/07/2014,Steeleye Stout,Beverages
10590,1,18,20,0,MEREP,07/07/2014,04/08/2014,14/07/2014,Chai,Beverages
10590,77,13,60,0.05,MEREP,07/07/2014,04/08/2014,14/07/2014,Original Frankfurter Grüne Soße,Condiments
10591,3,10,14,0,VAFFE,07/07/2014,21/07/2014,16/07/2014,Aniseed Syrup,Condiments
10591,7,30,10,0,VAFFE,07/07/2014,21/07/2014,16/07/2014,Uncle Bob's Organic Dried Pears,Produce
10591,54,7.45,50,0,VAFFE,07/07/2014,21/07/2014,16/07/2014,Tourtière,Meat & Poultry
10592,15,15.5,25,0.05,LEHMS,08/07/2014,05/08/2014,16/07/2014,Genen Shouyu,Condiments
10592,26,31.23,5,0.05,LEHMS,08/07/2014,05/08/2014,16/07/2014,Gumbär Gummibärchen,Confections
10593,20,81,21,0.2,LEHMS,09/07/2014,06/08/2014,13/08/2014,Sir Rodney's Marmalade,Confections
10593,69,36,20,0.2,LEHMS,09/07/2014,06/08/2014,13/08/2014,Gudbrandsdalsost,Dairy Products
10593,76,18,4,0.2,LEHMS,09/07/2014,06/08/2014,13/08/2014,Lakkaliköri,Beverages
10594,52,7,24,0,OLDWO,09/07/2014,06/08/2014,16/07/2014,Filo Mix,Grains & Cereals
10594,58,13.25,30,0,OLDWO,09/07/2014,06/08/2014,16/07/2014,Escargots de Bourgogne,Seafood
10595,35,18,30,0.25,ERNSH,10/07/2014,07/08/2014,14/07/2014,Steeleye Stout,Beverages
10595,61,28.5,120,0.25,ERNSH,10/07/2014,07/08/2014,14/07/2014,Sirop d'érable,Condiments
10595,69,36,65,0.25,ERNSH,10/07/2014,07/08/2014,14/07/2014,Gudbrandsdalsost,Dairy Products
10596,56,38,5,0.2,WHITC,11/07/2014,08/08/2014,12/08/2014,Gnocchi di nonna Alice,Grains & Cereals
10596,63,43.9,24,0.2,WHITC,11/07/2014,08/08/2014,12/08/2014,Vegie-spread,Condiments
10596,75,7.75,30,0.2,WHITC,11/07/2014,08/08/2014,12/08/2014,Rhönbräu Klosterbier,Beverages
10597,24,4.5,35,0.2,PICCO,11/07/2014,08/08/2014,18/07/2014,Guarana Fantastica,Beverages
10597,57,19.5,20,0,PICCO,11/07/2014,08/08/2014,18/07/2014,Ravioli Angelo,Grains & Cereals
10597,65,21.05,12,0.2,PICCO,11/07/2014,08/08/2014,18/07/2014,Louisiana Fiery Hot Pepper Sauce,Condiments
10598,27,43.9,50,0,RATTC,14/07/2014,11/08/2014,18/07/2014,Schoggi Schokolade,Confections
10598,71,21.5,9,0,RATTC,14/07/2014,11/08/2014,18/07/2014,Flotemysost,Dairy Products
10599,62,49.3,10,0,BSBEV,15/07/2014,26/08/2014,21/07/2014,Tarte au sucre,Confections
10600,54,7.45,4,0,HUNGC,16/07/2014,13/08/2014,21/07/2014,Tourtière,Meat & Poultry
10600,73,15,30,0,HUNGC,16/07/2014,13/08/2014,21/07/2014,Röd Kaviar,Seafood
10601,13,6,60,0,HILAA,16/07/2014,27/08/2014,22/07/2014,Konbu,Seafood
10601,59,55,35,0,HILAA,16/07/2014,27/08/2014,22/07/2014,Raclette Courdavault,Dairy Products
10602,77,13,5,0.25,VAFFE,17/07/2014,14/08/2014,22/07/2014,Original Frankfurter Grüne Soße,Condiments
10603,22,21,48,0,SAVEA,18/07/2014,15/08/2014,08/08/2014,Gustaf's Knackebröd,Grains & Cereals
10603,49,20,25,0.05,SAVEA,18/07/2014,15/08/2014,08/08/2014,Maxilaku,Confections
10604,48,12.75,6,0.1,FURIB,18/07/2014,15/08/2014,29/07/2014,Chocolade,Confections
10604,76,18,10,0.1,FURIB,18/07/2014,15/08/2014,29/07/2014,Lakkaliköri,Beverages
10605,16,17.45,30,0.05,MEREP,21/07/2014,18/08/2014,29/07/2014,Pavlova,Confections
10605,59,55,20,0.05,MEREP,21/07/2014,18/08/2014,29/07/2014,Raclette Courdavault,Dairy Products
10605,60,34,70,0.05,MEREP,21/07/2014,18/08/2014,29/07/2014,Camembert Pierrot,Dairy Products
10605,71,21.5,15,0.05,MEREP,21/07/2014,18/08/2014,29/07/2014,Flotemysost,Dairy Products
10606,4,22,20,0.2,TRADH,22/07/2014,19/08/2014,31/07/2014,Chef Anton's Cajun Seasoning,Condiments
10606,55,24,20,0.2,TRADH,22/07/2014,19/08/2014,31/07/2014,Pâté chinois,Meat & Poultry
10606,62,49.3,10,0.2,TRADH,22/07/2014,19/08/2014,31/07/2014,Tarte au sucre,Confections
10607,7,30,45,0,SAVEA,22/07/2014,19/08/2014,25/07/2014,Uncle Bob's Organic Dried Pears,Produce
10607,17,39,100,0,SAVEA,22/07/2014,19/08/2014,25/07/2014,Alice Mutton,Meat & Poultry
10607,33,2.5,14,0,SAVEA,22/07/2014,19/08/2014,25/07/2014,Geitost,Dairy Products
10607,40,18.4,42,0,SAVEA,22/07/2014,19/08/2014,25/07/2014,Boston Crab Meat,Seafood
10607,72,34.8,12,0,SAVEA,22/07/2014,19/08/2014,25/07/2014,Mozzarella di Giovanni,Dairy Products
10608,56,38,28,0,TOMSP,23/07/2014,20/08/2014,01/08/2014,Gnocchi di nonna Alice,Grains & Cereals
10609,1,18,3,0,DUMON,24/07/2014,21/08/2014,30/07/2014,Chai,Beverages
10609,10,31,10,0,DUMON,24/07/2014,21/08/2014,30/07/2014,Ikura,Seafood
10609,21,10,6,0,DUMON,24/07/2014,21/08/2014,30/07/2014,Sir Rodney's Scones,Confections
10610,36,19,21,0.25,LAMAI,25/07/2014,22/08/2014,06/08/2014,Inlagd Sill,Seafood
10611,1,18,6,0,WOLZA,25/07/2014,22/08/2014,01/08/2014,Chai,Beverages
10611,2,19,10,0,WOLZA,25/07/2014,22/08/2014,01/08/2014,Chang,Beverages
10611,60,34,15,0,WOLZA,25/07/2014,22/08/2014,01/08/2014,Camembert Pierrot,Dairy Products
10612,10,31,70,0,SAVEA,28/07/2014,25/08/2014,01/08/2014,Ikura,Seafood
10612,36,19,55,0,SAVEA,28/07/2014,25/08/2014,01/08/2014,Inlagd Sill,Seafood
10612,49,20,18,0,SAVEA,28/07/2014,25/08/2014,01/08/2014,Maxilaku,Confections
10612,60,34,40,0,SAVEA,28/07/2014,25/08/2014,01/08/2014,Camembert Pierrot,Dairy Products
10612,76,18,80,0,SAVEA,28/07/2014,25/08/2014,01/08/2014,Lakkaliköri,Beverages
10613,13,6,8,0.1,HILAA,29/07/2014,26/08/2014,01/08/2014,Konbu,Seafood
10613,75,7.75,40,0,HILAA,29/07/2014,26/08/2014,01/08/2014,Rhönbräu Klosterbier,Beverages
10614,11,21,14,0,BLAUS,29/07/2014,26/08/2014,01/08/2014,Queso Cabrales,Dairy Products
10614,21,10,8,0,BLAUS,29/07/2014,26/08/2014,01/08/2014,Sir Rodney's Scones,Confections
10614,39,18,5,0,BLAUS,29/07/2014,26/08/2014,01/08/2014,Chartreuse verte,Beverages
10615,55,24,5,0,WILMK,30/07/2014,27/08/2014,06/08/2014,Pâté chinois,Meat & Poultry
10616,38,263.5,15,0.05,GREAL,31/07/2014,28/08/2014,05/08/2014,Côte de Blaye,Beverages
10616,56,38,14,0,GREAL,31/07/2014,28/08/2014,05/08/2014,Gnocchi di nonna Alice,Grains & Cereals
10616,70,15,15,0.05,GREAL,31/07/2014,28/08/2014,05/08/2014,Outback Lager,Beverages
10616,71,21.5,15,0.05,GREAL,31/07/2014,28/08/2014,05/08/2014,Flotemysost,Dairy Products
10617,59,55,30,0.15,GREAL,31/07/2014,28/08/2014,04/08/2014,Raclette Courdavault,Dairy Products
10618,6,25,70,0,MEREP,01/08/2014,12/09/2014,08/08/2014,Grandma's Boysenberry Spread,Condiments
10618,56,38,20,0,MEREP,01/08/2014,12/09/2014,08/08/2014,Gnocchi di nonna Alice,Grains & Cereals
10618,68,12.5,15,0,MEREP,01/08/2014,12/09/2014,08/08/2014,Scottish Longbreads,Confections
10619,21,10,42,0,MEREP,04/08/2014,01/09/2014,07/08/2014,Sir Rodney's Scones,Confections
10619,22,21,40,0,MEREP,04/08/2014,01/09/2014,07/08/2014,Gustaf's Knackebröd,Grains & Cereals
10620,24,4.5,5,0,LAUGB,05/08/2014,02/09/2014,14/08/2014,Guarana Fantastica,Beverages
10620,52,7,5,0,LAUGB,05/08/2014,02/09/2014,14/08/2014,Filo Mix,Grains & Cereals
10621,19,9.2,5,0,ISLAT,05/08/2014,02/09/2014,11/08/2014,Teatime Chocolate Biscuits,Confections
10621,23,9,10,0,ISLAT,05/08/2014,02/09/2014,11/08/2014,Tunnbröd,Grains & Cereals
10621,70,15,20,0,ISLAT,05/08/2014,02/09/2014,11/08/2014,Outback Lager,Beverages
10621,71,21.5,15,0,ISLAT,05/08/2014,02/09/2014,11/08/2014,Flotemysost,Dairy Products
10622,2,19,20,0,RICAR,06/08/2014,03/09/2014,11/08/2014,Chang,Beverages
10622,68,12.5,18,0.2,RICAR,06/08/2014,03/09/2014,11/08/2014,Scottish Longbreads,Confections
10623,14,23.25,21,0,FRANK,07/08/2014,04/09/2014,12/08/2014,Tofu,Produce
10623,19,9.2,15,0.1,FRANK,07/08/2014,04/09/2014,12/08/2014,Teatime Chocolate Biscuits,Confections
10623,21,10,25,0.1,FRANK,07/08/2014,04/09/2014,12/08/2014,Sir Rodney's Scones,Confections
10623,24,4.5,3,0,FRANK,07/08/2014,04/09/2014,12/08/2014,Guarana Fantastica,Beverages
10623,35,18,30,0.1,FRANK,07/08/2014,04/09/2014,12/08/2014,Steeleye Stout,Beverages
10624,28,45.6,10,0,THECR,07/08/2014,04/09/2014,19/08/2014,Rössle Sauerkraut,Produce
10624,29,123.79,6,0,THECR,07/08/2014,04/09/2014,19/08/2014,Thüringer Rostbratwurst,Meat & Poultry
10624,44,19.45,10,0,THECR,07/08/2014,04/09/2014,19/08/2014,Gula Malacca,Condiments
10625,14,23.25,3,0,ANATR,08/08/2014,05/09/2014,14/08/2014,Tofu,Produce
10625,42,14,5,0,ANATR,08/08/2014,05/09/2014,14/08/2014,Singaporean Hokkien Fried Mee,Grains & Cereals
10625,60,34,10,0,ANATR,08/08/2014,05/09/2014,14/08/2014,Camembert Pierrot,Dairy Products
10626,53,32.8,12,0,BERGS,11/08/2014,08/09/2014,20/08/2014,Perth Pasties,Meat & Poultry
10626,60,34,20,0,BERGS,11/08/2014,08/09/2014,20/08/2014,Camembert Pierrot,Dairy Products
10626,71,21.5,20,0,BERGS,11/08/2014,08/09/2014,20/08/2014,Flotemysost,Dairy Products
10627,62,49.3,15,0,SAVEA,11/08/2014,22/09/2014,21/08/2014,Tarte au sucre,Confections
10627,73,15,35,0.15,SAVEA,11/08/2014,22/09/2014,21/08/2014,Röd Kaviar,Seafood
10628,1,18,25,0,BLONP,12/08/2014,09/09/2014,20/08/2014,Chai,Beverages
10629,29,123.79,20,0,GODOS,12/08/2014,09/09/2014,20/08/2014,Thüringer Rostbratwurst,Meat & Poultry
10629,64,33.25,9,0,GODOS,12/08/2014,09/09/2014,20/08/2014,Wimmers gute Semmelknödel,Grains & Cereals
10630,55,24,12,0.05,KOENE,13/08/2014,10/09/2014,19/08/2014,Pâté chinois,Meat & Poultry
10630,76,18,35,0,KOENE,13/08/2014,10/09/2014,19/08/2014,Lakkaliköri,Beverages
10631,75,7.75,8,0.1,LAMAI,14/08/2014,11/09/2014,15/08/2014,Rhönbräu Klosterbier,Beverages
10632,2,19,30,0.05,WANDK,14/08/2014,11/09/2014,19/08/2014,Chang,Beverages
10632,33,2.5,20,0.05,WANDK,14/08/2014,11/09/2014,19/08/2014,Geitost,Dairy Products
10633,12,38,36,0.15,ERNSH,15/08/2014,12/09/2014,18/08/2014,Queso Manchego La Pastora,Dairy Products
10633,13,6,13,0.15,ERNSH,15/08/2014,12/09/2014,18/08/2014,Konbu,Seafood
10633,26,31.23,35,0.15,ERNSH,15/08/2014,12/09/2014,18/08/2014,Gumbär Gummibärchen,Confections
10633,62,49.3,80,0.15,ERNSH,15/08/2014,12/09/2014,18/08/2014,Tarte au sucre,Confections
10634,7,30,35,0,FOLIG,15/08/2014,12/09/2014,21/08/2014,Uncle Bob's Organic Dried Pears,Produce
10634,18,62.5,50,0,FOLIG,15/08/2014,12/09/2014,21/08/2014,Carnarvon Tigers,Seafood
10634,51,53,15,0,FOLIG,15/08/2014,12/09/2014,21/08/2014,Manjimup Dried Apples,Produce
10634,75,7.75,2,0,FOLIG,15/08/2014,12/09/2014,21/08/2014,Rhönbräu Klosterbier,Beverages
10635,4,22,10,0.1,MAGAA,18/08/2014,15/09/2014,21/08/2014,Chef Anton's Cajun Seasoning,Condiments
10635,5,21.35,15,0.1,MAGAA,18/08/2014,15/09/2014,21/08/2014,Chef Anton's Gumbo Mix,Condiments
10635,22,21,40,0,MAGAA,18/08/2014,15/09/2014,21/08/2014,Gustaf's Knackebröd,Grains & Cereals
10636,4,22,25,0,WARTH,19/08/2014,16/09/2014,26/08/2014,Chef Anton's Cajun Seasoning,Condiments
10636,58,13.25,6,0,WARTH,19/08/2014,16/09/2014,26/08/2014,Escargots de Bourgogne,Seafood
10637,11,21,10,0,QUEEN,19/08/2014,16/09/2014,26/08/2014,Queso Cabrales,Dairy Products
10637,50,16.25,25,0.05,QUEEN,19/08/2014,16/09/2014,26/08/2014,Valkoinen suklaa,Confections
10637,56,38,60,0.05,QUEEN,19/08/2014,16/09/2014,26/08/2014,Gnocchi di nonna Alice,Grains & Cereals
10638,45,9.5,20,0,LINOD,20/08/2014,17/09/2014,01/09/2014,Rogede sild,Seafood
10638,65,21.05,21,0,LINOD,20/08/2014,17/09/2014,01/09/2014,Louisiana Fiery Hot Pepper Sauce,Condiments
10638,72,34.8,60,0,LINOD,20/08/2014,17/09/2014,01/09/2014,Mozzarella di Giovanni,Dairy Products
10639,18,62.5,8,0,SANTG,20/08/2014,17/09/2014,27/08/2014,Carnarvon Tigers,Seafood
10640,69,36,20,0.25,WANDK,21/08/2014,18/09/2014,28/08/2014,Gudbrandsdalsost,Dairy Products
10640,70,15,15,0.25,WANDK,21/08/2014,18/09/2014,28/08/2014,Outback Lager,Beverages
10641,2,19,50,0,HILAA,22/08/2014,19/09/2014,26/08/2014,Chang,Beverages
10641,40,18.4,60,0,HILAA,22/08/2014,19/09/2014,26/08/2014,Boston Crab Meat,Seafood
10642,21,10,30,0.2,SIMOB,22/08/2014,19/09/2014,05/09/2014,Sir Rodney's Scones,Confections
10642,61,28.5,20,0.2,SIMOB,22/08/2014,19/09/2014,05/09/2014,Sirop d'érable,Condiments
10643,28,45.6,15,0.25,ALFKI,25/08/2014,22/09/2014,02/09/2014,Rössle Sauerkraut,Produce
10643,39,18,21,0.25,ALFKI,25/08/2014,22/09/2014,02/09/2014,Chartreuse verte,Beverages
10643,46,12,2,0.25,ALFKI,25/08/2014,22/09/2014,02/09/2014,Spegesild,Seafood
10644,18,62.5,4,0.1,WELLI,25/08/2014,22/09/2014,01/09/2014,Carnarvon Tigers,Seafood
10644,43,46,20,0,WELLI,25/08/2014,22/09/2014,01/09/2014,Ipoh Coffee,Beverages
10644,46,12,21,0.1,WELLI,25/08/2014,22/09/2014,01/09/2014,Spegesild,Seafood
10645,18,62.5,20,0,HANAR,26/08/2014,23/09/2014,02/09/2014,Carnarvon Tigers,Seafood
10645,36,19,15,0,HANAR,26/08/2014,23/09/2014,02/09/2014,Inlagd Sill,Seafood
10646,1,18,15,0.25,HUNGO,27/08/2014,08/10/2014,03/09/2014,Chai,Beverages
10646,10,31,18,0.25,HUNGO,27/08/2014,08/10/2014,03/09/2014,Ikura,Seafood
10646,71,21.5,30,0.25,HUNGO,27/08/2014,08/10/2014,03/09/2014,Flotemysost,Dairy Products
10646,77,13,35,0.25,HUNGO,27/08/2014,08/10/2014,03/09/2014,Original Frankfurter Grüne Soße,Condiments
10647,19,9.2,30,0,QUEDE,27/08/2014,10/09/2014,03/09/2014,Teatime Chocolate Biscuits,Confections
10647,39,18,20,0,QUEDE,27/08/2014,10/09/2014,03/09/2014,Chartreuse verte,Beverages
10648,22,21,15,0,RICAR,28/08/2014,09/10/2014,09/09/2014,Gustaf's Knackebröd,Grains & Cereals
10648,24,4.5,15,0.15,RICAR,28/08/2014,09/10/2014,09/09/2014,Guarana Fantastica,Beverages
10649,28,45.6,20,0,MAISD,28/08/2014,25/09/2014,29/08/2014,Rössle Sauerkraut,Produce
10649,72,34.8,15,0,MAISD,28/08/2014,25/09/2014,29/08/2014,Mozzarella di Giovanni,Dairy Products
10650,30,25.89,30,0,FAMIA,29/08/2014,26/09/2014,03/09/2014,Nord-Ost Matjeshering,Seafood
10650,53,32.8,25,0.05,FAMIA,29/08/2014,26/09/2014,03/09/2014,Perth Pasties,Meat & Poultry
10650,54,7.45,30,0,FAMIA,29/08/2014,26/09/2014,03/09/2014,Tourtière,Meat & Poultry
10651,19,9.2,12,0.25,WANDK,01/09/2014,29/09/2014,11/09/2014,Teatime Chocolate Biscuits,Confections
10651,22,21,20,0.25,WANDK,01/09/2014,29/09/2014,11/09/2014,Gustaf's Knackebröd,Grains & Cereals
10652,30,25.89,2,0.25,GOURL,01/09/2014,29/09/2014,08/09/2014,Nord-Ost Matjeshering,Seafood
10652,42,14,20,0,GOURL,01/09/2014,29/09/2014,08/09/2014,Singaporean Hokkien Fried Mee,Grains & Cereals
10653,16,17.45,30,0.1,FRANK,02/09/2014,30/09/2014,19/09/2014,Pavlova,Confections
10653,60,34,20,0.1,FRANK,02/09/2014,30/09/2014,19/09/2014,Camembert Pierrot,Dairy Products
10654,4,22,12,0.1,BERGS,02/09/2014,30/09/2014,11/09/2014,Chef Anton's Cajun Seasoning,Condiments
10654,39,18,20,0.1,BERGS,02/09/2014,30/09/2014,11/09/2014,Chartreuse verte,Beverages
10654,54,7.45,6,0.1,BERGS,02/09/2014,30/09/2014,11/09/2014,Tourtière,Meat & Poultry
10655,41,9.65,20,0.2,REGGC,03/09/2014,01/10/2014,11/09/2014,Jack's New England Clam Chowder,Seafood
10656,14,23.25,3,0.1,GREAL,04/09/2014,02/10/2014,10/09/2014,Tofu,Produce
10656,44,19.45,28,0.1,GREAL,04/09/2014,02/10/2014,10/09/2014,Gula Malacca,Condiments
10656,47,9.5,6,0.1,GREAL,04/09/2014,02/10/2014,10/09/2014,Zaanse koeken,Confections
10657,15,15.5,50,0,SAVEA,04/09/2014,02/10/2014,15/09/2014,Genen Shouyu,Condiments
10657,41,9.65,24,0,SAVEA,04/09/2014,02/10/2014,15/09/2014,Jack's New England Clam Chowder,Seafood
10657,46,12,45,0,SAVEA,04/09/2014,02/10/2014,15/09/2014,Spegesild,Seafood
10657,47,9.5,10,0,SAVEA,04/09/2014,02/10/2014,15/09/2014,Zaanse koeken,Confections
10657,56,38,45,0,SAVEA,04/09/2014,02/10/2014,15/09/2014,Gnocchi di nonna Alice,Grains & Cereals
10657,60,34,30,0,SAVEA,04/09/2014,02/10/2014,15/09/2014,Camembert Pierrot,Dairy Products
10658,21,10,60,0,QUICK,05/09/2014,03/10/2014,08/09/2014,Sir Rodney's Scones,Confections
10658,40,18.4,70,0.05,QUICK,05/09/2014,03/10/2014,08/09/2014,Boston Crab Meat,Seafood
10658,60,34,55,0.05,QUICK,05/09/2014,03/10/2014,08/09/2014,Camembert Pierrot,Dairy Products
10658,77,13,70,0.05,QUICK,05/09/2014,03/10/2014,08/09/2014,Original Frankfurter Grüne Soße,Condiments
10659,31,12.5,20,0.05,QUEEN,05/09/2014,03/10/2014,10/09/2014,Gorgonzola Telino,Dairy Products
10659,40,18.4,24,0.05,QUEEN,05/09/2014,03/10/2014,10/09/2014,Boston Crab Meat,Seafood
10659,70,15,40,0.05,QUEEN,05/09/2014,03/10/2014,10/09/2014,Outback Lager,Beverages
10660,20,81,21,0,HUNGC,08/09/2014,06/10/2014,15/10/2014,Sir Rodney's Marmalade,Confections
10661,39,18,3,0.2,HUNGO,09/09/2014,07/10/2014,15/09/2014,Chartreuse verte,Beverages
10661,58,13.25,49,0.2,HUNGO,09/09/2014,07/10/2014,15/09/2014,Escargots de Bourgogne,Seafood
10662,68,12.5,10,0,LONEP,09/09/2014,07/10/2014,18/09/2014,Scottish Longbreads,Confections
10663,40,18.4,30,0.05,BONAP,10/09/2014,24/09/2014,03/10/2014,Boston Crab Meat,Seafood
10663,42,14,30,0.05,BONAP,10/09/2014,24/09/2014,03/10/2014,Singaporean Hokkien Fried Mee,Grains & Cereals
10663,51,53,20,0.05,BONAP,10/09/2014,24/09/2014,03/10/2014,Manjimup Dried Apples,Produce
10664,10,31,24,0.15,FURIB,10/09/2014,08/10/2014,19/09/2014,Ikura,Seafood
10664,56,38,12,0.15,FURIB,10/09/2014,08/10/2014,19/09/2014,Gnocchi di nonna Alice,Grains & Cereals
10664,65,21.05,15,0.15,FURIB,10/09/2014,08/10/2014,19/09/2014,Louisiana Fiery Hot Pepper Sauce,Condiments
10665,51,53,20,0,LONEP,11/09/2014,09/10/2014,17/09/2014,Manjimup Dried Apples,Produce
10665,59,55,1,0,LONEP,11/09/2014,09/10/2014,17/09/2014,Raclette Courdavault,Dairy Products
10665,76,18,10,0,LONEP,11/09/2014,09/10/2014,17/09/2014,Lakkaliköri,Beverages
10666,29,123.79,36,0,RICSU,12/09/2014,10/10/2014,22/09/2014,Thüringer Rostbratwurst,Meat & Poultry
10666,65,21.05,10,0,RICSU,12/09/2014,10/10/2014,22/09/2014,Louisiana Fiery Hot Pepper Sauce,Condiments
10667,69,36,45,0.2,ERNSH,12/09/2014,10/10/2014,19/09/2014,Gudbrandsdalsost,Dairy Products
10667,71,21.5,14,0.2,ERNSH,12/09/2014,10/10/2014,19/09/2014,Flotemysost,Dairy Products
10668,31,12.5,8,0.1,WANDK,15/09/2014,13/10/2014,23/09/2014,Gorgonzola Telino,Dairy Products
10668,55,24,4,0.1,WANDK,15/09/2014,13/10/2014,23/09/2014,Pâté chinois,Meat & Poultry
10668,64,33.25,15,0.1,WANDK,15/09/2014,13/10/2014,23/09/2014,Wimmers gute Semmelknödel,Grains & Cereals
10669,36,19,30,0,SIMOB,15/09/2014,13/10/2014,22/09/2014,Inlagd Sill,Seafood
10670,23,9,32,0,FRANK,16/09/2014,14/10/2014,18/09/2014,Tunnbröd,Grains & Cereals
10670,46,12,60,0,FRANK,16/09/2014,14/10/2014,18/09/2014,Spegesild,Seafood
10670,67,14,25,0,FRANK,16/09/2014,14/10/2014,18/09/2014,Laughing Lumberjack Lager,Beverages
10670,73,15,50,0,FRANK,16/09/2014,14/10/2014,18/09/2014,Röd Kaviar,Seafood
10670,75,7.75,25,0,FRANK,16/09/2014,14/10/2014,18/09/2014,Rhönbräu Klosterbier,Beverages
10671,16,17.45,10,0,FRANR,17/09/2014,15/10/2014,24/09/2014,Pavlova,Confections
10671,62,49.3,10,0,FRANR,17/09/2014,15/10/2014,24/09/2014,Tarte au sucre,Confections
10671,65,21.05,12,0,FRANR,17/09/2014,15/10/2014,24/09/2014,Louisiana Fiery Hot Pepper Sauce,Condiments
10672,38,263.5,15,0.1,BERGS,17/09/2014,01/10/2014,26/09/2014,Côte de Blaye,Beverages
10672,71,21.5,12,0,BERGS,17/09/2014,01/10/2014,26/09/2014,Flotemysost,Dairy Products
10673,16,17.45,3,0,WILMK,18/09/2014,16/10/2014,19/09/2014,Pavlova,Confections
10673,42,14,6,0,WILMK,18/09/2014,16/10/2014,19/09/2014,Singaporean Hokkien Fried Mee,Grains & Cereals
10673,43,46,6,0,WILMK,18/09/2014,16/10/2014,19/09/2014,Ipoh Coffee,Beverages
10674,23,9,5,0,ISLAT,18/09/2014,16/10/2014,30/09/2014,Tunnbröd,Grains & Cereals
10675,14,23.25,30,0,FRANK,19/09/2014,17/10/2014,23/09/2014,Tofu,Produce
10675,53,32.8,10,0,FRANK,19/09/2014,17/10/2014,23/09/2014,Perth Pasties,Meat & Poultry
10675,58,13.25,30,0,FRANK,19/09/2014,17/10/2014,23/09/2014,Escargots de Bourgogne,Seafood
10676,10,31,2,0,TORTU,22/09/2014,20/10/2014,29/09/2014,Ikura,Seafood
10676,19,9.2,7,0,TORTU,22/09/2014,20/10/2014,29/09/2014,Teatime Chocolate Biscuits,Confections
10676,44,19.45,21,0,TORTU,22/09/2014,20/10/2014,29/09/2014,Gula Malacca,Condiments
10677,26,31.23,30,0.15,ANTON,22/09/2014,20/10/2014,26/09/2014,Gumbär Gummibärchen,Confections
10677,33,2.5,8,0.15,ANTON,22/09/2014,20/10/2014,26/09/2014,Geitost,Dairy Products
10678,12,38,100,0,SAVEA,23/09/2014,21/10/2014,16/10/2014,Queso Manchego La Pastora,Dairy Products
10678,33,2.5,30,0,SAVEA,23/09/2014,21/10/2014,16/10/2014,Geitost,Dairy Products
10678,41,9.65,120,0,SAVEA,23/09/2014,21/10/2014,16/10/2014,Jack's New England Clam Chowder,Seafood
10678,54,7.45,30,0,SAVEA,23/09/2014,21/10/2014,16/10/2014,Tourtière,Meat & Poultry
10679,59,55,12,0,BLONP,23/09/2014,21/10/2014,30/09/2014,Raclette Courdavault,Dairy Products
10680,16,17.45,50,0.25,OLDWO,24/09/2014,22/10/2014,26/09/2014,Pavlova,Confections
10680,31,12.5,20,0.25,OLDWO,24/09/2014,22/10/2014,26/09/2014,Gorgonzola Telino,Dairy Products
10680,42,14,40,0.25,OLDWO,24/09/2014,22/10/2014,26/09/2014,Singaporean Hokkien Fried Mee,Grains & Cereals
10681,19,9.2,30,0.1,GREAL,25/09/2014,23/10/2014,30/09/2014,Teatime Chocolate Biscuits,Confections
10681,21,10,12,0.1,GREAL,25/09/2014,23/10/2014,30/09/2014,Sir Rodney's Scones,Confections
10681,64,33.25,28,0,GREAL,25/09/2014,23/10/2014,30/09/2014,Wimmers gute Semmelknödel,Grains & Cereals
10682,33,2.5,30,0,ANTON,25/09/2014,23/10/2014,01/10/2014,Geitost,Dairy Products
10682,66,17,4,0,ANTON,25/09/2014,23/10/2014,01/10/2014,Louisiana Hot Spiced Okra,Condiments
10682,75,7.75,30,0,ANTON,25/09/2014,23/10/2014,01/10/2014,Rhönbräu Klosterbier,Beverages
10683,52,7,9,0,DUMON,26/09/2014,24/10/2014,01/10/2014,Filo Mix,Grains & Cereals
10684,40,18.4,20,0,OTTIK,26/09/2014,24/10/2014,30/09/2014,Boston Crab Meat,Seafood
10684,47,9.5,40,0,OTTIK,26/09/2014,24/10/2014,30/09/2014,Zaanse koeken,Confections
10684,60,34,30,0,OTTIK,26/09/2014,24/10/2014,30/09/2014,Camembert Pierrot,Dairy Products
10685,10,31,20,0,GOURL,29/09/2014,13/10/2014,03/10/2014,Ikura,Seafood
10685,41,9.65,4,0,GOURL,29/09/2014,13/10/2014,03/10/2014,Jack's New England Clam Chowder,Seafood
10685,47,9.5,15,0,GOURL,29/09/2014,13/10/2014,03/10/2014,Zaanse koeken,Confections
10686,17,39,30,0.2,PICCO,30/09/2014,28/10/2014,08/10/2014,Alice Mutton,Meat & Poultry
10686,26,31.23,15,0,PICCO,30/09/2014,28/10/2014,08/10/2014,Gumbär Gummibärchen,Confections
10687,9,97,50,0.25,HUNGO,30/09/2014,28/10/2014,30/10/2014,Mishi Kobe Niku,Meat & Poultry
10687,29,123.79,10,0,HUNGO,30/09/2014,28/10/2014,30/10/2014,Thüringer Rostbratwurst,Meat & Poultry
10687,36,19,6,0.25,HUNGO,30/09/2014,28/10/2014,30/10/2014,Inlagd Sill,Seafood
10688,10,31,18,0.1,VAFFE,01/10/2014,15/10/2014,07/10/2014,Ikura,Seafood
10688,28,45.6,60,0.1,VAFFE,01/10/2014,15/10/2014,07/10/2014,Rössle Sauerkraut,Produce
10688,34,14,14,0,VAFFE,01/10/2014,15/10/2014,07/10/2014,Sasquatch Ale,Beverages
10689,1,18,35,0.25,BERGS,01/10/2014,29/10/2014,07/10/2014,Chai,Beverages
10690,56,38,20,0.25,HANAR,02/10/2014,30/10/2014,03/10/2014,Gnocchi di nonna Alice,Grains & Cereals
10690,77,13,30,0.25,HANAR,02/10/2014,30/10/2014,03/10/2014,Original Frankfurter Grüne Soße,Condiments
10691,1,18,30,0,QUICK,03/10/2014,14/11/2014,22/10/2014,Chai,Beverages
10691,29,123.79,40,0,QUICK,03/10/2014,14/11/2014,22/10/2014,Thüringer Rostbratwurst,Meat & Poultry
10691,43,46,40,0,QUICK,03/10/2014,14/11/2014,22/10/2014,Ipoh Coffee,Beverages
10691,44,19.45,24,0,QUICK,03/10/2014,14/11/2014,22/10/2014,Gula Malacca,Condiments
10691,62,49.3,48,0,QUICK,03/10/2014,14/11/2014,22/10/2014,Tarte au sucre,Confections
10692,63,43.9,20,0,ALFKI,03/10/2014,31/10/2014,13/10/2014,Vegie-spread,Condiments
10693,9,97,6,0,WHITC,06/10/2014,20/10/2014,10/10/2014,Mishi Kobe Niku,Meat & Poultry
10693,54,7.45,60,0.15,WHITC,06/10/2014,20/10/2014,10/10/2014,Tourtière,Meat & Poultry
10693,69,36,30,0.15,WHITC,06/10/2014,20/10/2014,10/10/2014,Gudbrandsdalsost,Dairy Products
10693,73,15,15,0.15,WHITC,06/10/2014,20/10/2014,10/10/2014,Röd Kaviar,Seafood
10694,7,30,90,0,QUICK,06/10/2014,03/11/2014,09/10/2014,Uncle Bob's Organic Dried Pears,Produce
10694,59,55,25,0,QUICK,06/10/2014,03/11/2014,09/10/2014,Raclette Courdavault,Dairy Products
10694,70,15,50,0,QUICK,06/10/2014,03/11/2014,09/10/2014,Outback Lager,Beverages
10695,8,40,10,0,WILMK,07/10/2014,18/11/2014,14/10/2014,Northwoods Cranberry Sauce,Condiments
10695,12,38,4,0,WILMK,07/10/2014,18/11/2014,14/10/2014,Queso Manchego La Pastora,Dairy Products
10695,24,4.5,20,0,WILMK,07/10/2014,18/11/2014,14/10/2014,Guarana Fantastica,Beverages
10696,17,39,20,0,WHITC,08/10/2014,19/11/2014,14/10/2014,Alice Mutton,Meat & Poultry
10696,46,12,18,0,WHITC,08/10/2014,19/11/2014,14/10/2014,Spegesild,Seafood
10697,19,9.2,7,0.25,LINOD,08/10/2014,05/11/2014,14/10/2014,Teatime Chocolate Biscuits,Confections
10697,35,18,9,0.25,LINOD,08/10/2014,05/11/2014,14/10/2014,Steeleye Stout,Beverages
10697,58,13.25,30,0.25,LINOD,08/10/2014,05/11/2014,14/10/2014,Escargots de Bourgogne,Seafood
10697,70,15,30,0.25,LINOD,08/10/2014,05/11/2014,14/10/2014,Outback Lager,Beverages
10698,11,21,15,0,ERNSH,09/10/2014,06/11/2014,17/10/2014,Queso Cabrales,Dairy Products
10698,17,39,8,0.05,ERNSH,09/10/2014,06/11/2014,17/10/2014,Alice Mutton,Meat & Poultry
10698,29,123.79,12,0.05,ERNSH,09/10/2014,06/11/2014,17/10/2014,Thüringer Rostbratwurst,Meat & Poultry
10698,65,21.05,65,0.05,ERNSH,09/10/2014,06/11/2014,17/10/2014,Louisiana Fiery Hot Pepper Sauce,Condiments
10698,70,15,8,0.05,ERNSH,09/10/2014,06/11/2014,17/10/2014,Outback Lager,Beverages
10699,47,9.5,12,0,MORGK,09/10/2014,06/11/2014,13/10/2014,Zaanse koeken,Confections
10700,1,18,5,0.2,SAVEA,10/10/2014,07/11/2014,16/10/2014,Chai,Beverages
10700,34,14,12,0.2,SAVEA,10/10/2014,07/11/2014,16/10/2014,Sasquatch Ale,Beverages
10700,68,12.5,40,0.2,SAVEA,10/10/2014,07/11/2014,16/10/2014,Scottish Longbreads,Confections
10700,71,21.5,60,0.2,SAVEA,10/10/2014,07/11/2014,16/10/2014,Flotemysost,Dairy Products
10701,59,55,42,0.15,HUNGO,13/10/2014,27/10/2014,15/10/2014,Raclette Courdavault,Dairy Products
10701,71,21.5,20,0.15,HUNGO,13/10/2014,27/10/2014,15/10/2014,Flotemysost,Dairy Products
10701,76,18,35,0.15,HUNGO,13/10/2014,27/10/2014,15/10/2014,Lakkaliköri,Beverages
10702,3,10,6,0,ALFKI,13/10/2014,24/11/2014,21/10/2014,Aniseed Syrup,Condiments
10702,76,18,15,0,ALFKI,13/10/2014,24/11/2014,21/10/2014,Lakkaliköri,Beverages
10703,2,19,5,0,FOLKO,14/10/2014,11/11/2014,20/10/2014,Chang,Beverages
10703,59,55,35,0,FOLKO,14/10/2014,11/11/2014,20/10/2014,Raclette Courdavault,Dairy Products
10703,73,15,35,0,FOLKO,14/10/2014,11/11/2014,20/10/2014,Röd Kaviar,Seafood
10704,4,22,6,0,QUEEN,14/10/2014,11/11/2014,07/11/2014,Chef Anton's Cajun Seasoning,Condiments
10704,24,4.5,35,0,QUEEN,14/10/2014,11/11/2014,07/11/2014,Guarana Fantastica,Beverages
10704,48,12.75,24,0,QUEEN,14/10/2014,11/11/2014,07/11/2014,Chocolade,Confections
10705,31,12.5,20,0,HILAA,15/10/2014,12/11/2014,18/11/2014,Gorgonzola Telino,Dairy Products
10705,32,32,4,0,HILAA,15/10/2014,12/11/2014,18/11/2014,Mascarpone Fabioli,Dairy Products
10706,16,17.45,20,0,OLDWO,16/10/2014,13/11/2014,21/10/2014,Pavlova,Confections
10706,43,46,24,0,OLDWO,16/10/2014,13/11/2014,21/10/2014,Ipoh Coffee,Beverages
10706,59,55,8,0,OLDWO,16/10/2014,13/11/2014,21/10/2014,Raclette Courdavault,Dairy Products
10707,55,24,21,0,AROUT,16/10/2014,30/10/2014,23/10/2014,Pâté chinois,Meat & Poultry
10707,57,19.5,40,0,AROUT,16/10/2014,30/10/2014,23/10/2014,Ravioli Angelo,Grains & Cereals
10707,70,15,28,0.15,AROUT,16/10/2014,30/10/2014,23/10/2014,Outback Lager,Beverages
10708,5,21.35,4,0,THEBI,17/10/2014,28/11/2014,05/11/2014,Chef Anton's Gumbo Mix,Condiments
10708,36,19,5,0,THEBI,17/10/2014,28/11/2014,05/11/2014,Inlagd Sill,Seafood
10709,8,40,40,0,GOURL,17/10/2014,14/11/2014,20/11/2014,Northwoods Cranberry Sauce,Condiments
10709,51,53,28,0,GOURL,17/10/2014,14/11/2014,20/11/2014,Manjimup Dried Apples,Produce
10709,60,34,10,0,GOURL,17/10/2014,14/11/2014,20/11/2014,Camembert Pierrot,Dairy Products
10710,19,9.2,5,0,FRANS,20/10/2014,17/11/2014,23/10/2014,Teatime Chocolate Biscuits,Confections
10710,47,9.5,5,0,FRANS,20/10/2014,17/11/2014,23/10/2014,Zaanse koeken,Confections
10711,19,9.2,12,0,SAVEA,21/10/2014,02/12/2014,29/10/2014,Teatime Chocolate Biscuits,Confections
10711,41,9.65,42,0,SAVEA,21/10/2014,02/12/2014,29/10/2014,Jack's New England Clam Chowder,Seafood
10711,53,32.8,120,0,SAVEA,21/10/2014,02/12/2014,29/10/2014,Perth Pasties,Meat & Poultry
10712,53,32.8,3,0.05,HUNGO,21/10/2014,18/11/2014,31/10/2014,Perth Pasties,Meat & Poultry
10712,56,38,30,0,HUNGO,21/10/2014,18/11/2014,31/10/2014,Gnocchi di nonna Alice,Grains & Cereals
10713,10,31,18,0,SAVEA,22/10/2014,19/11/2014,24/10/2014,Ikura,Seafood
10713,26,31.23,30,0,SAVEA,22/10/2014,19/11/2014,24/10/2014,Gumbär Gummibärchen,Confections
10713,45,9.5,110,0,SAVEA,22/10/2014,19/11/2014,24/10/2014,Rogede sild,Seafood
10713,46,12,24,0,SAVEA,22/10/2014,19/11/2014,24/10/2014,Spegesild,Seafood
10714,2,19,30,0.25,SAVEA,22/10/2014,19/11/2014,27/10/2014,Chang,Beverages
10714,17,39,27,0.25,SAVEA,22/10/2014,19/11/2014,27/10/2014,Alice Mutton,Meat & Poultry
10714,47,9.5,50,0.25,SAVEA,22/10/2014,19/11/2014,27/10/2014,Zaanse koeken,Confections
10714,56,38,18,0.25,SAVEA,22/10/2014,19/11/2014,27/10/2014,Gnocchi di nonna Alice,Grains & Cereals
10714,58,13.25,12,0.25,SAVEA,22/10/2014,19/11/2014,27/10/2014,Escargots de Bourgogne,Seafood
10715,10,31,21,0,BONAP,23/10/2014,06/11/2014,29/10/2014,Ikura,Seafood
10715,71,21.5,30,0,BONAP,23/10/2014,06/11/2014,29/10/2014,Flotemysost,Dairy Products
10716,21,10,5,0,RANCH,24/10/2014,21/11/2014,27/10/2014,Sir Rodney's Scones,Confections
10716,51,53,7,0,RANCH,24/10/2014,21/11/2014,27/10/2014,Manjimup Dried Apples,Produce
10716,61,28.5,10,0,RANCH,24/10/2014,21/11/2014,27/10/2014,Sirop d'érable,Condiments
10717,21,10,32,0.05,FRANK,24/10/2014,21/11/2014,29/10/2014,Sir Rodney's Scones,Confections
10717,54,7.45,15,0,FRANK,24/10/2014,21/11/2014,29/10/2014,Tourtière,Meat & Poultry
10717,69,36,25,0.05,FRANK,24/10/2014,21/11/2014,29/10/2014,Gudbrandsdalsost,Dairy Products
10718,12,38,36,0,KOENE,27/10/2014,24/11/2014,29/10/2014,Queso Manchego La Pastora,Dairy Products
10718,16,17.45,20,0,KOENE,27/10/2014,24/11/2014,29/10/2014,Pavlova,Confections
10718,36,19,40,0,KOENE,27/10/2014,24/11/2014,29/10/2014,Inlagd Sill,Seafood
10718,62,49.3,20,0,KOENE,27/10/2014,24/11/2014,29/10/2014,Tarte au sucre,Confections
10719,18,62.5,12,0.25,LETSS,27/10/2014,24/11/2014,05/11/2014,Carnarvon Tigers,Seafood
10719,30,25.89,3,0.25,LETSS,27/10/2014,24/11/2014,05/11/2014,Nord-Ost Matjeshering,Seafood
10719,54,7.45,40,0.25,LETSS,27/10/2014,24/11/2014,05/11/2014,Tourtière,Meat & Poultry
10720,35,18,21,0,QUEDE,28/10/2014,11/11/2014,05/11/2014,Steeleye Stout,Beverages
10720,71,21.5,8,0,QUEDE,28/10/2014,11/11/2014,05/11/2014,Flotemysost,Dairy Products
10721,44,19.45,50,0.05,QUICK,29/10/2014,26/11/2014,31/10/2014,Gula Malacca,Condiments
10722,2,19,3,0,SAVEA,29/10/2014,10/12/2014,04/11/2014,Chang,Beverages
10722,31,12.5,50,0,SAVEA,29/10/2014,10/12/2014,04/11/2014,Gorgonzola Telino,Dairy Products
10722,68,12.5,45,0,SAVEA,29/10/2014,10/12/2014,04/11/2014,Scottish Longbreads,Confections
10722,75,7.75,42,0,SAVEA,29/10/2014,10/12/2014,04/11/2014,Rhönbräu Klosterbier,Beverages
10723,26,31.23,15,0,WHITC,30/10/2014,27/11/2014,25/11/2014,Gumbär Gummibärchen,Confections
10724,10,31,16,0,MEREP,30/10/2014,11/12/2014,05/11/2014,Ikura,Seafood
10724,61,28.5,5,0,MEREP,30/10/2014,11/12/2014,05/11/2014,Sirop d'érable,Condiments
10725,41,9.65,12,0,FAMIA,31/10/2014,28/11/2014,05/11/2014,Jack's New England Clam Chowder,Seafood
10725,52,7,4,0,FAMIA,31/10/2014,28/11/2014,05/11/2014,Filo Mix,Grains & Cereals
10725,55,24,6,0,FAMIA,31/10/2014,28/11/2014,05/11/2014,Pâté chinois,Meat & Poultry
10726,4,22,25,0,EASTC,03/11/2014,17/11/2014,05/12/2014,Chef Anton's Cajun Seasoning,Condiments
10726,11,21,5,0,EASTC,03/11/2014,17/11/2014,05/12/2014,Queso Cabrales,Dairy Products
10727,17,39,20,0.05,REGGC,03/11/2014,01/12/2014,05/12/2014,Alice Mutton,Meat & Poultry
10727,56,38,10,0.05,REGGC,03/11/2014,01/12/2014,05/12/2014,Gnocchi di nonna Alice,Grains & Cereals
10727,59,55,10,0.05,REGGC,03/11/2014,01/12/2014,05/12/2014,Raclette Courdavault,Dairy Products
10728,30,25.89,15,0,QUEEN,04/11/2014,02/12/2014,11/11/2014,Nord-Ost Matjeshering,Seafood
10728,40,18.4,6,0,QUEEN,04/11/2014,02/12/2014,11/11/2014,Boston Crab Meat,Seafood
10728,55,24,12,0,QUEEN,04/11/2014,02/12/2014,11/11/2014,Pâté chinois,Meat & Poultry
10728,60,34,15,0,QUEEN,04/11/2014,02/12/2014,11/11/2014,Camembert Pierrot,Dairy Products
10729,1,18,50,0,LINOD,04/11/2014,16/12/2014,14/11/2014,Chai,Beverages
10729,21,10,30,0,LINOD,04/11/2014,16/12/2014,14/11/2014,Sir Rodney's Scones,Confections
10729,50,16.25,40,0,LINOD,04/11/2014,16/12/2014,14/11/2014,Valkoinen suklaa,Confections
10730,16,17.45,15,0.05,BONAP,05/11/2014,03/12/2014,14/11/2014,Pavlova,Confections
10730,31,12.5,3,0.05,BONAP,05/11/2014,03/12/2014,14/11/2014,Gorgonzola Telino,Dairy Products
10730,65,21.05,10,0.05,BONAP,05/11/2014,03/12/2014,14/11/2014,Louisiana Fiery Hot Pepper Sauce,Condiments
10731,21,10,40,0.05,CHOPS,06/11/2014,04/12/2014,14/11/2014,Sir Rodney's Scones,Confections
10731,51,53,30,0.05,CHOPS,06/11/2014,04/12/2014,14/11/2014,Manjimup Dried Apples,Produce
10732,76,18,20,0,BONAP,06/11/2014,04/12/2014,07/11/2014,Lakkaliköri,Beverages
10733,14,23.25,16,0,BERGS,07/11/2014,05/12/2014,10/11/2014,Tofu,Produce
10733,28,45.6,20,0,BERGS,07/11/2014,05/12/2014,10/11/2014,Rössle Sauerkraut,Produce
10733,52,7,25,0,BERGS,07/11/2014,05/12/2014,10/11/2014,Filo Mix,Grains & Cereals
10734,6,25,30,0,GOURL,07/11/2014,05/12/2014,12/11/2014,Grandma's Boysenberry Spread,Condiments
10734,30,25.89,15,0,GOURL,07/11/2014,05/12/2014,12/11/2014,Nord-Ost Matjeshering,Seafood
10734,76,18,20,0,GOURL,07/11/2014,05/12/2014,12/11/2014,Lakkaliköri,Beverages
10735,61,28.5,20,0.1,LETSS,10/11/2014,08/12/2014,21/11/2014,Sirop d'érable,Condiments
10735,77,13,2,0.1,LETSS,10/11/2014,08/12/2014,21/11/2014,Original Frankfurter Grüne Soße,Condiments
10736,65,21.05,40,0,HUNGO,11/11/2014,09/12/2014,21/11/2014,Louisiana Fiery Hot Pepper Sauce,Condiments
10736,75,7.75,20,0,HUNGO,11/11/2014,09/12/2014,21/11/2014,Rhönbräu Klosterbier,Beverages
10737,13,6,4,0,VINET,11/11/2014,09/12/2014,18/11/2014,Konbu,Seafood
10737,41,9.65,12,0,VINET,11/11/2014,09/12/2014,18/11/2014,Jack's New England Clam Chowder,Seafood
10738,16,17.45,3,0,SPECD,12/11/2014,10/12/2014,18/11/2014,Pavlova,Confections
10739,36,19,6,0,VINET,12/11/2014,10/12/2014,17/11/2014,Inlagd Sill,Seafood
10739,52,7,18,0,VINET,12/11/2014,10/12/2014,17/11/2014,Filo Mix,Grains & Cereals
10740,28,45.6,5,0.2,WHITC,13/11/2014,11/12/2014,25/11/2014,Rössle Sauerkraut,Produce
10740,35,18,35,0.2,WHITC,13/11/2014,11/12/2014,25/11/2014,Steeleye Stout,Beverages
10740,45,9.5,40,0.2,WHITC,13/11/2014,11/12/2014,25/11/2014,Rogede sild,Seafood
10740,56,38,14,0.2,WHITC,13/11/2014,11/12/2014,25/11/2014,Gnocchi di nonna Alice,Grains & Cereals
10741,2,19,15,0.2,AROUT,14/11/2014,28/11/2014,18/11/2014,Chang,Beverages
10742,3,10,20,0,BOTTM,14/11/2014,12/12/2014,18/11/2014,Aniseed Syrup,Condiments
10742,60,34,50,0,BOTTM,14/11/2014,12/12/2014,18/11/2014,Camembert Pierrot,Dairy Products
10742,72,34.8,35,0,BOTTM,14/11/2014,12/12/2014,18/11/2014,Mozzarella di Giovanni,Dairy Products
10743,46,12,28,0.05,AROUT,17/11/2014,15/12/2014,21/11/2014,Spegesild,Seafood
10744,40,18.4,50,0.2,VAFFE,17/11/2014,15/12/2014,24/11/2014,Boston Crab Meat,Seafood
10745,18,62.5,24,0,QUICK,18/11/2014,16/12/2014,27/11/2014,Carnarvon Tigers,Seafood
10745,44,19.45,16,0,QUICK,18/11/2014,16/12/2014,27/11/2014,Gula Malacca,Condiments
10745,59,55,45,0,QUICK,18/11/2014,16/12/2014,27/11/2014,Raclette Courdavault,Dairy Products
10745,72,34.8,7,0,QUICK,18/11/2014,16/12/2014,27/11/2014,Mozzarella di Giovanni,Dairy Products
10746,13,6,6,0,CHOPS,19/11/2014,17/12/2014,21/11/2014,Konbu,Seafood
10746,42,14,28,0,CHOPS,19/11/2014,17/12/2014,21/11/2014,Singaporean Hokkien Fried Mee,Grains & Cereals
10746,62,49.3,9,0,CHOPS,19/11/2014,17/12/2014,21/11/2014,Tarte au sucre,Confections
10746,69,36,40,0,CHOPS,19/11/2014,17/12/2014,21/11/2014,Gudbrandsdalsost,Dairy Products
10747,31,12.5,8,0,PICCO,19/11/2014,17/12/2014,26/11/2014,Gorgonzola Telino,Dairy Products
10747,41,9.65,35,0,PICCO,19/11/2014,17/12/2014,26/11/2014,Jack's New England Clam Chowder,Seafood
10747,63,43.9,9,0,PICCO,19/11/2014,17/12/2014,26/11/2014,Vegie-spread,Condiments
10747,69,36,30,0,PICCO,19/11/2014,17/12/2014,26/11/2014,Gudbrandsdalsost,Dairy Products
10748,23,9,44,0,SAVEA,20/11/2014,18/12/2014,28/11/2014,Tunnbröd,Grains & Cereals
10748,40,18.4,40,0,SAVEA,20/11/2014,18/12/2014,28/11/2014,Boston Crab Meat,Seafood
10748,56,38,28,0,SAVEA,20/11/2014,18/12/2014,28/11/2014,Gnocchi di nonna Alice,Grains & Cereals
10749,56,38,15,0,ISLAT,20/11/2014,18/12/2014,19/12/2014,Gnocchi di nonna Alice,Grains & Cereals
10749,59,55,6,0,ISLAT,20/11/2014,18/12/2014,19/12/2014,Raclette Courdavault,Dairy Products
10749,76,18,10,0,ISLAT,20/11/2014,18/12/2014,19/12/2014,Lakkaliköri,Beverages
10750,14,23.25,5,0.15,WARTH,21/11/2014,19/12/2014,24/11/2014,Tofu,Produce
10750,45,9.5,40,0.15,WARTH,21/11/2014,19/12/2014,24/11/2014,Rogede sild,Seafood
10750,59,55,25,0.15,WARTH,21/11/2014,19/12/2014,24/11/2014,Raclette Courdavault,Dairy Products
10751,26,31.23,12,0.1,RICSU,24/11/2014,22/12/2014,03/12/2014,Gumbär Gummibärchen,Confections
10751,30,25.89,30,0,RICSU,24/11/2014,22/12/2014,03/12/2014,Nord-Ost Matjeshering,Seafood
10751,50,16.25,20,0.1,RICSU,24/11/2014,22/12/2014,03/12/2014,Valkoinen suklaa,Confections
10751,73,15,15,0,RICSU,24/11/2014,22/12/2014,03/12/2014,Röd Kaviar,Seafood
10752,1,18,8,0,NORTS,24/11/2014,22/12/2014,28/11/2014,Chai,Beverages
10752,69,36,3,0,NORTS,24/11/2014,22/12/2014,28/11/2014,Gudbrandsdalsost,Dairy Products
10753,45,9.5,4,0,FRANS,25/11/2014,23/12/2014,27/11/2014,Rogede sild,Seafood
10753,74,10,5,0,FRANS,25/11/2014,23/12/2014,27/11/2014,Longlife Tofu,Produce
10754,40,18.4,3,0,MAGAA,25/11/2014,23/12/2014,27/11/2014,Boston Crab Meat,Seafood
10755,47,9.5,30,0.25,BONAP,26/11/2014,24/12/2014,28/11/2014,Zaanse koeken,Confections
10755,56,38,30,0.25,BONAP,26/11/2014,24/12/2014,28/11/2014,Gnocchi di nonna Alice,Grains & Cereals
10755,57,19.5,14,0.25,BONAP,26/11/2014,24/12/2014,28/11/2014,Ravioli Angelo,Grains & Cereals
10755,69,36,25,0.25,BONAP,26/11/2014,24/12/2014,28/11/2014,Gudbrandsdalsost,Dairy Products
10756,18,62.5,21,0.2,SPLIR,27/11/2014,25/12/2014,02/12/2014,Carnarvon Tigers,Seafood
10756,36,19,20,0.2,SPLIR,27/11/2014,25/12/2014,02/12/2014,Inlagd Sill,Seafood
10756,68,12.5,6,0.2,SPLIR,27/11/2014,25/12/2014,02/12/2014,Scottish Longbreads,Confections
10756,69,36,20,0.2,SPLIR,27/11/2014,25/12/2014,02/12/2014,Gudbrandsdalsost,Dairy Products
10757,34,14,30,0,SAVEA,27/11/2014,25/12/2014,15/12/2014,Sasquatch Ale,Beverages
10757,59,55,7,0,SAVEA,27/11/2014,25/12/2014,15/12/2014,Raclette Courdavault,Dairy Products
10757,62,49.3,30,0,SAVEA,27/11/2014,25/12/2014,15/12/2014,Tarte au sucre,Confections
10757,64,33.25,24,0,SAVEA,27/11/2014,25/12/2014,15/12/2014,Wimmers gute Semmelknödel,Grains & Cereals
10758,26,31.23,20,0,RICSU,28/11/2014,26/12/2014,04/12/2014,Gumbär Gummibärchen,Confections
10758,52,7,60,0,RICSU,28/11/2014,26/12/2014,04/12/2014,Filo Mix,Grains & Cereals
10758,70,15,40,0,RICSU,28/11/2014,26/12/2014,04/12/2014,Outback Lager,Beverages
10759,32,32,10,0,ANATR,28/11/2014,26/12/2014,12/12/2014,Mascarpone Fabioli,Dairy Products
10760,25,14,12,0.25,MAISD,01/12/2014,29/12/2014,10/12/2014,NuNuCa Nuß-Nougat-Creme,Confections
10760,27,43.9,40,0,MAISD,01/12/2014,29/12/2014,10/12/2014,Schoggi Schokolade,Confections
10760,43,46,30,0.25,MAISD,01/12/2014,29/12/2014,10/12/2014,Ipoh Coffee,Beverages
10761,25,14,35,0.25,RATTC,02/12/2014,30/12/2014,08/12/2014,NuNuCa Nuß-Nougat-Creme,Confections
10761,75,7.75,18,0,RATTC,02/12/2014,30/12/2014,08/12/2014,Rhönbräu Klosterbier,Beverages
10762,39,18,16,0,FOLKO,02/12/2014,30/12/2014,09/12/2014,Chartreuse verte,Beverages
10762,47,9.5,30,0,FOLKO,02/12/2014,30/12/2014,09/12/2014,Zaanse koeken,Confections
10762,51,53,28,0,FOLKO,02/12/2014,30/12/2014,09/12/2014,Manjimup Dried Apples,Produce
10762,56,38,60,0,FOLKO,02/12/2014,30/12/2014,09/12/2014,Gnocchi di nonna Alice,Grains & Cereals
10763,21,10,40,0,FOLIG,03/12/2014,31/12/2014,08/12/2014,Sir Rodney's Scones,Confections
10763,22,21,6,0,FOLIG,03/12/2014,31/12/2014,08/12/2014,Gustaf's Knackebröd,Grains & Cereals
10763,24,4.5,20,0,FOLIG,03/12/2014,31/12/2014,08/12/2014,Guarana Fantastica,Beverages
10764,3,10,20,0.1,ERNSH,03/12/2014,31/12/2014,08/12/2014,Aniseed Syrup,Condiments
10764,39,18,130,0.1,ERNSH,03/12/2014,31/12/2014,08/12/2014,Chartreuse verte,Beverages
10765,65,21.05,80,0.1,QUICK,04/12/2014,01/01/2015,09/12/2014,Louisiana Fiery Hot Pepper Sauce,Condiments
10766,2,19,40,0,OTTIK,05/12/2014,02/01/2015,09/12/2014,Chang,Beverages
10766,7,30,35,0,OTTIK,05/12/2014,02/01/2015,09/12/2014,Uncle Bob's Organic Dried Pears,Produce
10766,68,12.5,40,0,OTTIK,05/12/2014,02/01/2015,09/12/2014,Scottish Longbreads,Confections
10767,42,14,2,0,SUPRD,05/12/2014,02/01/2015,15/12/2014,Singaporean Hokkien Fried Mee,Grains & Cereals
10768,22,21,4,0,AROUT,08/12/2014,05/01/2015,15/12/2014,Gustaf's Knackebröd,Grains & Cereals
10768,31,12.5,50,0,AROUT,08/12/2014,05/01/2015,15/12/2014,Gorgonzola Telino,Dairy Products
10768,60,34,15,0,AROUT,08/12/2014,05/01/2015,15/12/2014,Camembert Pierrot,Dairy Products
10768,71,21.5,12,0,AROUT,08/12/2014,05/01/2015,15/12/2014,Flotemysost,Dairy Products
10769,41,9.65,30,0.05,VAFFE,08/12/2014,05/01/2015,12/12/2014,Jack's New England Clam Chowder,Seafood
10769,52,7,15,0.05,VAFFE,08/12/2014,05/01/2015,12/12/2014,Filo Mix,Grains & Cereals
10769,61,28.5,20,0,VAFFE,08/12/2014,05/01/2015,12/12/2014,Sirop d'érable,Condiments
10769,62,49.3,15,0,VAFFE,08/12/2014,05/01/2015,12/12/2014,Tarte au sucre,Confections
10770,11,21,15,0.25,HANAR,09/12/2014,06/01/2015,17/12/2014,Queso Cabrales,Dairy Products
10771,71,21.5,16,0,ERNSH,10/12/2014,07/01/2015,02/01/2015,Flotemysost,Dairy Products
10772,29,123.79,18,0,LEHMS,10/12/2014,07/01/2015,19/12/2014,Thüringer Rostbratwurst,Meat & Poultry
10772,59,55,25,0,LEHMS,10/12/2014,07/01/2015,19/12/2014,Raclette Courdavault,Dairy Products
10773,17,39,33,0,ERNSH,11/12/2014,08/01/2015,16/12/2014,Alice Mutton,Meat & Poultry
10773,31,12.5,70,0.2,ERNSH,11/12/2014,08/01/2015,16/12/2014,Gorgonzola Telino,Dairy Products
10773,75,7.75,7,0.2,ERNSH,11/12/2014,08/01/2015,16/12/2014,Rhönbräu Klosterbier,Beverages
10774,31,12.5,2,0.25,FOLKO,11/12/2014,25/12/2014,12/12/2014,Gorgonzola Telino,Dairy Products
10774,66,17,50,0,FOLKO,11/12/2014,25/12/2014,12/12/2014,Louisiana Hot Spiced Okra,Condiments
10775,10,31,6,0,THECR,12/12/2014,09/01/2015,26/12/2014,Ikura,Seafood
10775,67,14,3,0,THECR,12/12/2014,09/01/2015,26/12/2014,Laughing Lumberjack Lager,Beverages
10776,31,12.5,16,0.05,ERNSH,15/12/2014,12/01/2015,18/12/2014,Gorgonzola Telino,Dairy Products
10776,42,14,12,0.05,ERNSH,15/12/2014,12/01/2015,18/12/2014,Singaporean Hokkien Fried Mee,Grains & Cereals
10776,45,9.5,27,0.05,ERNSH,15/12/2014,12/01/2015,18/12/2014,Rogede sild,Seafood
10776,51,53,120,0.05,ERNSH,15/12/2014,12/01/2015,18/12/2014,Manjimup Dried Apples,Produce
10777,42,14,20,0.2,GOURL,15/12/2014,29/12/2014,21/01/2015,Singaporean Hokkien Fried Mee,Grains & Cereals
10778,41,9.65,10,0,BERGS,16/12/2014,13/01/2015,24/12/2014,Jack's New England Clam Chowder,Seafood
10779,16,17.45,20,0,MORGK,16/12/2014,13/01/2015,14/01/2015,Pavlova,Confections
10779,62,49.3,20,0,MORGK,16/12/2014,13/01/2015,14/01/2015,Tarte au sucre,Confections
10780,70,15,35,0,LILAS,16/12/2014,30/12/2014,25/12/2014,Outback Lager,Beverages
10780,77,13,15,0,LILAS,16/12/2014,30/12/2014,25/12/2014,Original Frankfurter Grüne Soße,Condiments
10781,54,7.45,3,0.2,WARTH,17/12/2014,14/01/2015,19/12/2014,Tourtière,Meat & Poultry
10781,56,38,20,0.2,WARTH,17/12/2014,14/01/2015,19/12/2014,Gnocchi di nonna Alice,Grains & Cereals
10781,74,10,35,0,WARTH,17/12/2014,14/01/2015,19/12/2014,Longlife Tofu,Produce
10782,31,12.5,1,0,CACTU,17/12/2014,14/01/2015,22/12/2014,Gorgonzola Telino,Dairy Products
10783,31,12.5,10,0,HANAR,18/12/2014,15/01/2015,19/12/2014,Gorgonzola Telino,Dairy Products
10783,38,263.5,5,0,HANAR,18/12/2014,15/01/2015,19/12/2014,Côte de Blaye,Beverages
10784,36,19,30,0,MAGAA,18/12/2014,15/01/2015,22/12/2014,Inlagd Sill,Seafood
10784,39,18,2,0.15,MAGAA,18/12/2014,15/01/2015,22/12/2014,Chartreuse verte,Beverages
10784,72,34.8,30,0.15,MAGAA,18/12/2014,15/01/2015,22/12/2014,Mozzarella di Giovanni,Dairy Products
10785,10,31,10,0,GROSR,18/12/2014,15/01/2015,24/12/2014,Ikura,Seafood
10785,75,7.75,10,0,GROSR,18/12/2014,15/01/2015,24/12/2014,Rhönbräu Klosterbier,Beverages
10786,8,40,30,0.2,QUEEN,19/12/2014,16/01/2015,23/12/2014,Northwoods Cranberry Sauce,Condiments
10786,30,25.89,15,0.2,QUEEN,19/12/2014,16/01/2015,23/12/2014,Nord-Ost Matjeshering,Seafood
10786,75,7.75,42,0.2,QUEEN,19/12/2014,16/01/2015,23/12/2014,Rhönbräu Klosterbier,Beverages
10787,2,19,15,0.05,LAMAI,19/12/2014,02/01/2015,26/12/2014,Chang,Beverages
10787,29,123.79,20,0.05,LAMAI,19/12/2014,02/01/2015,26/12/2014,Thüringer Rostbratwurst,Meat & Poultry
10788,19,9.2,50,0.05,QUICK,22/12/2014,19/01/2015,19/01/2015,Teatime Chocolate Biscuits,Confections
10788,75,7.75,40,0.05,QUICK,22/12/2014,19/01/2015,19/01/2015,Rhönbräu Klosterbier,Beverages
10789,18,62.5,30,0,FOLIG,22/12/2014,19/01/2015,31/12/2014,Carnarvon Tigers,Seafood
10789,35,18,15,0,FOLIG,22/12/2014,19/01/2015,31/12/2014,Steeleye Stout,Beverages
10789,63,43.9,30,0,FOLIG,22/12/2014,19/01/2015,31/12/2014,Vegie-spread,Condiments
10789,68,12.5,18,0,FOLIG,22/12/2014,19/01/2015,31/12/2014,Scottish Longbreads,Confections
10790,7,30,3,0.15,GOURL,22/12/2014,19/01/2015,26/12/2014,Uncle Bob's Organic Dried Pears,Produce
10790,56,38,20,0.15,GOURL,22/12/2014,19/01/2015,26/12/2014,Gnocchi di nonna Alice,Grains & Cereals
10791,29,123.79,14,0.05,FRANK,23/12/2014,20/01/2015,01/01/2015,Thüringer Rostbratwurst,Meat & Poultry
10791,41,9.65,20,0.05,FRANK,23/12/2014,20/01/2015,01/01/2015,Jack's New England Clam Chowder,Seafood
10792,2,19,10,0,WOLZA,23/12/2014,20/01/2015,31/12/2014,Chang,Beverages
10792,54,7.45,3,0,WOLZA,23/12/2014,20/01/2015,31/12/2014,Tourtière,Meat & Poultry
10792,68,12.5,15,0,WOLZA,23/12/2014,20/01/2015,31/12/2014,Scottish Longbreads,Confections
10793,41,9.65,14,0,AROUT,24/12/2014,21/01/2015,08/01/2015,Jack's New England Clam Chowder,Seafood
10793,52,7,8,0,AROUT,24/12/2014,21/01/2015,08/01/2015,Filo Mix,Grains & Cereals
10794,14,23.25,15,0.2,QUEDE,24/12/2014,21/01/2015,02/01/2015,Tofu,Produce
10794,54,7.45,6,0.2,QUEDE,24/12/2014,21/01/2015,02/01/2015,Tourtière,Meat & Poultry
10795,16,17.45,65,0,ERNSH,24/12/2014,21/01/2015,20/01/2015,Pavlova,Confections
10795,17,39,35,0.25,ERNSH,24/12/2014,21/01/2015,20/01/2015,Alice Mutton,Meat & Poultry
10796,26,31.23,21,0.2,HILAA,25/12/2014,22/01/2015,14/01/2015,Gumbär Gummibärchen,Confections
10796,44,19.45,10,0,HILAA,25/12/2014,22/01/2015,14/01/2015,Gula Malacca,Condiments
10796,64,33.25,35,0.2,HILAA,25/12/2014,22/01/2015,14/01/2015,Wimmers gute Semmelknödel,Grains & Cereals
10796,69,36,24,0.2,HILAA,25/12/2014,22/01/2015,14/01/2015,Gudbrandsdalsost,Dairy Products
10797,11,21,20,0,DRACD,25/12/2014,22/01/2015,05/01/2015,Queso Cabrales,Dairy Products
10798,62,49.3,2,0,ISLAT,26/12/2014,23/01/2015,05/01/2015,Tarte au sucre,Confections
10798,72,34.8,10,0,ISLAT,26/12/2014,23/01/2015,05/01/2015,Mozzarella di Giovanni,Dairy Products
10799,13,6,20,0.15,KOENE,26/12/2014,06/02/2015,05/01/2015,Konbu,Seafood
10799,24,4.5,20,0.15,KOENE,26/12/2014,06/02/2015,05/01/2015,Guarana Fantastica,Beverages
10799,59,55,25,0,KOENE,26/12/2014,06/02/2015,05/01/2015,Raclette Courdavault,Dairy Products
10800,11,21,50,0.1,SEVES,26/12/2014,23/01/2015,05/01/2015,Queso Cabrales,Dairy Products
10800,51,53,10,0.1,SEVES,26/12/2014,23/01/2015,05/01/2015,Manjimup Dried Apples,Produce
10800,54,7.45,7,0.1,SEVES,26/12/2014,23/01/2015,05/01/2015,Tourtière,Meat & Poultry
10801,17,39,40,0.25,BOLID,29/12/2014,26/01/2015,31/12/2014,Alice Mutton,Meat & Poultry
10801,29,123.79,20,0.25,BOLID,29/12/2014,26/01/2015,31/12/2014,Thüringer Rostbratwurst,Meat & Poultry
10802,30,25.89,25,0.25,SIMOB,29/12/2014,26/01/2015,02/01/2015,Nord-Ost Matjeshering,Seafood
10802,51,53,30,0.25,SIMOB,29/12/2014,26/01/2015,02/01/2015,Manjimup Dried Apples,Produce
10802,55,24,60,0.25,SIMOB,29/12/2014,26/01/2015,02/01/2015,Pâté chinois,Meat & Poultry
10802,62,49.3,5,0.25,SIMOB,29/12/2014,26/01/2015,02/01/2015,Tarte au sucre,Confections
10803,19,9.2,24,0.05,WELLI,30/12/2014,27/01/2015,06/01/2015,Teatime Chocolate Biscuits,Confections
10803,25,14,15,0.05,WELLI,30/12/2014,27/01/2015,06/01/2015,NuNuCa Nuß-Nougat-Creme,Confections
10803,59,55,15,0.05,WELLI,30/12/2014,27/01/2015,06/01/2015,Raclette Courdavault,Dairy Products
10804,10,31,36,0,SEVES,30/12/2014,27/01/2015,07/01/2015,Ikura,Seafood
10804,28,45.6,24,0,SEVES,30/12/2014,27/01/2015,07/01/2015,Rössle Sauerkraut,Produce
10804,49,20,4,0.15,SEVES,30/12/2014,27/01/2015,07/01/2015,Maxilaku,Confections
10805,34,14,10,0,THEBI,30/12/2014,27/01/2015,09/01/2015,Sasquatch Ale,Beverages
10805,38,263.5,10,0,THEBI,30/12/2014,27/01/2015,09/01/2015,Côte de Blaye,Beverages
10806,2,19,20,0.25,VICTE,31/12/2014,28/01/2015,05/01/2015,Chang,Beverages
10806,65,21.05,2,0,VICTE,31/12/2014,28/01/2015,05/01/2015,Louisiana Fiery Hot Pepper Sauce,Condiments
10806,74,10,15,0.25,VICTE,31/12/2014,28/01/2015,05/01/2015,Longlife Tofu,Produce
10807,40,18.4,1,0,FRANS,31/12/2014,28/01/2015,30/01/2015,Boston Crab Meat,Seafood
10808,56,38,20,0.15,OLDWO,01/01/2015,29/01/2015,09/01/2015,Gnocchi di nonna Alice,Grains & Cereals
10808,76,18,50,0.15,OLDWO,01/01/2015,29/01/2015,09/01/2015,Lakkaliköri,Beverages
10809,52,7,20,0,WELLI,01/01/2015,29/01/2015,07/01/2015,Filo Mix,Grains & Cereals
10810,13,6,7,0,LAUGB,01/01/2015,29/01/2015,07/01/2015,Konbu,Seafood
10810,25,14,5,0,LAUGB,01/01/2015,29/01/2015,07/01/2015,NuNuCa Nuß-Nougat-Creme,Confections
10810,70,15,5,0,LAUGB,01/01/2015,29/01/2015,07/01/2015,Outback Lager,Beverages
10811,19,9.2,15,0,LINOD,02/01/2015,30/01/2015,08/01/2015,Teatime Chocolate Biscuits,Confections
10811,23,9,18,0,LINOD,02/01/2015,30/01/2015,08/01/2015,Tunnbröd,Grains & Cereals
10811,40,18.4,30,0,LINOD,02/01/2015,30/01/2015,08/01/2015,Boston Crab Meat,Seafood
10812,31,12.5,16,0.1,REGGC,02/01/2015,30/01/2015,12/01/2015,Gorgonzola Telino,Dairy Products
10812,72,34.8,40,0.1,REGGC,02/01/2015,30/01/2015,12/01/2015,Mozzarella di Giovanni,Dairy Products
10812,77,13,20,0,REGGC,02/01/2015,30/01/2015,12/01/2015,Original Frankfurter Grüne Soße,Condiments
10813,2,19,12,0.2,RICAR,05/01/2015,02/02/2015,09/01/2015,Chang,Beverages
10813,46,12,35,0,RICAR,05/01/2015,02/02/2015,09/01/2015,Spegesild,Seafood
10814,41,9.65,20,0,VICTE,05/01/2015,02/02/2015,14/01/2015,Jack's New England Clam Chowder,Seafood
10814,43,46,20,0.15,VICTE,05/01/2015,02/02/2015,14/01/2015,Ipoh Coffee,Beverages
10814,48,12.75,8,0.15,VICTE,05/01/2015,02/02/2015,14/01/2015,Chocolade,Confections
10814,61,28.5,30,0.15,VICTE,05/01/2015,02/02/2015,14/01/2015,Sirop d'érable,Condiments
10815,33,2.5,16,0,SAVEA,05/01/2015,02/02/2015,14/01/2015,Geitost,Dairy Products
10816,38,263.5,30,0.05,GREAL,06/01/2015,03/02/2015,04/02/2015,Côte de Blaye,Beverages
10816,62,49.3,20,0.05,GREAL,06/01/2015,03/02/2015,04/02/2015,Tarte au sucre,Confections
10817,26,31.23,40,0.15,KOENE,06/01/2015,20/01/2015,13/01/2015,Gumbär Gummibärchen,Confections
10817,38,263.5,30,0,KOENE,06/01/2015,20/01/2015,13/01/2015,Côte de Blaye,Beverages
10817,40,18.4,60,0.15,KOENE,06/01/2015,20/01/2015,13/01/2015,Boston Crab Meat,Seafood
10817,62,49.3,25,0.15,KOENE,06/01/2015,20/01/2015,13/01/2015,Tarte au sucre,Confections
10818,32,32,20,0,MAGAA,07/01/2015,04/02/2015,12/01/2015,Mascarpone Fabioli,Dairy Products
10818,41,9.65,20,0,MAGAA,07/01/2015,04/02/2015,12/01/2015,Jack's New England Clam Chowder,Seafood
10819,43,46,7,0,CACTU,07/01/2015,04/02/2015,16/01/2015,Ipoh Coffee,Beverages
10819,75,7.75,20,0,CACTU,07/01/2015,04/02/2015,16/01/2015,Rhönbräu Klosterbier,Beverages
10820,56,38,30,0,RATTC,07/01/2015,04/02/2015,13/01/2015,Gnocchi di nonna Alice,Grains & Cereals
10821,35,18,20,0,SPLIR,08/01/2015,05/02/2015,15/01/2015,Steeleye Stout,Beverages
10821,51,53,6,0,SPLIR,08/01/2015,05/02/2015,15/01/2015,Manjimup Dried Apples,Produce
10822,62,49.3,3,0,TRAIH,08/01/2015,05/02/2015,16/01/2015,Tarte au sucre,Confections
10822,70,15,6,0,TRAIH,08/01/2015,05/02/2015,16/01/2015,Outback Lager,Beverages
10823,11,21,20,0.1,LILAS,09/01/2015,06/02/2015,13/01/2015,Queso Cabrales,Dairy Products
10823,57,19.5,15,0,LILAS,09/01/2015,06/02/2015,13/01/2015,Ravioli Angelo,Grains & Cereals
10823,59,55,40,0.1,LILAS,09/01/2015,06/02/2015,13/01/2015,Raclette Courdavault,Dairy Products
10823,77,13,15,0.1,LILAS,09/01/2015,06/02/2015,13/01/2015,Original Frankfurter Grüne Soße,Condiments
10824,41,9.65,12,0,FOLKO,09/01/2015,06/02/2015,30/01/2015,Jack's New England Clam Chowder,Seafood
10824,70,15,9,0,FOLKO,09/01/2015,06/02/2015,30/01/2015,Outback Lager,Beverages
10825,26,31.23,12,0,DRACD,09/01/2015,06/02/2015,14/01/2015,Gumbär Gummibärchen,Confections
10825,53,32.8,20,0,DRACD,09/01/2015,06/02/2015,14/01/2015,Perth Pasties,Meat & Poultry
10826,31,12.5,35,0,BLONP,12/01/2015,09/02/2015,06/02/2015,Gorgonzola Telino,Dairy Products
10826,57,19.5,15,0,BLONP,12/01/2015,09/02/2015,06/02/2015,Ravioli Angelo,Grains & Cereals
10827,10,31,15,0,BONAP,12/01/2015,26/01/2015,06/02/2015,Ikura,Seafood
10827,39,18,21,0,BONAP,12/01/2015,26/01/2015,06/02/2015,Chartreuse verte,Beverages
10828,20,81,5,0,RANCH,13/01/2015,27/01/2015,04/02/2015,Sir Rodney's Marmalade,Confections
10828,38,263.5,2,0,RANCH,13/01/2015,27/01/2015,04/02/2015,Côte de Blaye,Beverages
10829,2,19,10,0,ISLAT,13/01/2015,10/02/2015,23/01/2015,Chang,Beverages
10829,8,40,20,0,ISLAT,13/01/2015,10/02/2015,23/01/2015,Northwoods Cranberry Sauce,Condiments
10829,13,6,10,0,ISLAT,13/01/2015,10/02/2015,23/01/2015,Konbu,Seafood
10829,60,34,21,0,ISLAT,13/01/2015,10/02/2015,23/01/2015,Camembert Pierrot,Dairy Products
10830,6,25,6,0,TRADH,13/01/2015,24/02/2015,21/01/2015,Grandma's Boysenberry Spread,Condiments
10830,39,18,28,0,TRADH,13/01/2015,24/02/2015,21/01/2015,Chartreuse verte,Beverages
10830,60,34,30,0,TRADH,13/01/2015,24/02/2015,21/01/2015,Camembert Pierrot,Dairy Products
10830,68,12.5,24,0,TRADH,13/01/2015,24/02/2015,21/01/2015,Scottish Longbreads,Confections
10831,19,9.2,2,0,SANTG,14/01/2015,11/02/2015,23/01/2015,Teatime Chocolate Biscuits,Confections
10831,35,18,8,0,SANTG,14/01/2015,11/02/2015,23/01/2015,Steeleye Stout,Beverages
10831,38,263.5,8,0,SANTG,14/01/2015,11/02/2015,23/01/2015,Côte de Blaye,Beverages
10831,43,46,9,0,SANTG,14/01/2015,11/02/2015,23/01/2015,Ipoh Coffee,Beverages
10832,13,6,3,0.2,LAMAI,14/01/2015,11/02/2015,19/01/2015,Konbu,Seafood
10832,25,14,10,0.2,LAMAI,14/01/2015,11/02/2015,19/01/2015,NuNuCa Nuß-Nougat-Creme,Confections
10832,44,19.45,16,0.2,LAMAI,14/01/2015,11/02/2015,19/01/2015,Gula Malacca,Condiments
10832,64,33.25,3,0,LAMAI,14/01/2015,11/02/2015,19/01/2015,Wimmers gute Semmelknödel,Grains & Cereals
10833,7,30,20,0.1,OTTIK,15/01/2015,12/02/2015,23/01/2015,Uncle Bob's Organic Dried Pears,Produce
10833,31,12.5,9,0.1,OTTIK,15/01/2015,12/02/2015,23/01/2015,Gorgonzola Telino,Dairy Products
10833,53,32.8,9,0.1,OTTIK,15/01/2015,12/02/2015,23/01/2015,Perth Pasties,Meat & Poultry
10834,29,123.79,8,0.05,TRADH,15/01/2015,12/02/2015,19/01/2015,Thüringer Rostbratwurst,Meat & Poultry
10834,30,25.89,20,0.05,TRADH,15/01/2015,12/02/2015,19/01/2015,Nord-Ost Matjeshering,Seafood
10835,59,55,15,0,ALFKI,15/01/2015,12/02/2015,21/01/2015,Raclette Courdavault,Dairy Products
10835,77,13,2,0.2,ALFKI,15/01/2015,12/02/2015,21/01/2015,Original Frankfurter Grüne Soße,Condiments
10836,22,21,52,0,ERNSH,16/01/2015,13/02/2015,21/01/2015,Gustaf's Knackebröd,Grains & Cereals
10836,35,18,6,0,ERNSH,16/01/2015,13/02/2015,21/01/2015,Steeleye Stout,Beverages
10836,57,19.5,24,0,ERNSH,16/01/2015,13/02/2015,21/01/2015,Ravioli Angelo,Grains & Cereals
10836,60,34,60,0,ERNSH,16/01/2015,13/02/2015,21/01/2015,Camembert Pierrot,Dairy Products
10836,64,33.25,30,0,ERNSH,16/01/2015,13/02/2015,21/01/2015,Wimmers gute Semmelknödel,Grains & Cereals
10837,13,6,6,0,BERGS,16/01/2015,13/02/2015,23/01/2015,Konbu,Seafood
10837,40,18.4,25,0,BERGS,16/01/2015,13/02/2015,23/01/2015,Boston Crab Meat,Seafood
10837,47,9.5,40,0.25,BERGS,16/01/2015,13/02/2015,23/01/2015,Zaanse koeken,Confections
10837,76,18,21,0.25,BERGS,16/01/2015,13/02/2015,23/01/2015,Lakkaliköri,Beverages
10838,1,18,4,0.25,LINOD,19/01/2015,16/02/2015,23/01/2015,Chai,Beverages
10838,18,62.5,25,0.25,LINOD,19/01/2015,16/02/2015,23/01/2015,Carnarvon Tigers,Seafood
10838,36,19,50,0.25,LINOD,19/01/2015,16/02/2015,23/01/2015,Inlagd Sill,Seafood
10839,58,13.25,30,0.1,TRADH,19/01/2015,16/02/2015,22/01/2015,Escargots de Bourgogne,Seafood
10839,72,34.8,15,0.1,TRADH,19/01/2015,16/02/2015,22/01/2015,Mozzarella di Giovanni,Dairy Products
10840,25,14,6,0.2,LINOD,19/01/2015,02/03/2015,16/02/2015,NuNuCa Nuß-Nougat-Creme,Confections
10840,39,18,10,0.2,LINOD,19/01/2015,02/03/2015,16/02/2015,Chartreuse verte,Beverages
10841,10,31,16,0,SUPRD,20/01/2015,17/02/2015,29/01/2015,Ikura,Seafood
10841,56,38,30,0,SUPRD,20/01/2015,17/02/2015,29/01/2015,Gnocchi di nonna Alice,Grains & Cereals
10841,59,55,50,0,SUPRD,20/01/2015,17/02/2015,29/01/2015,Raclette Courdavault,Dairy Products
10841,77,13,15,0,SUPRD,20/01/2015,17/02/2015,29/01/2015,Original Frankfurter Grüne Soße,Condiments
10842,11,21,15,0,TORTU,20/01/2015,17/02/2015,29/01/2015,Queso Cabrales,Dairy Products
10842,43,46,5,0,TORTU,20/01/2015,17/02/2015,29/01/2015,Ipoh Coffee,Beverages
10842,68,12.5,20,0,TORTU,20/01/2015,17/02/2015,29/01/2015,Scottish Longbreads,Confections
10842,70,15,12,0,TORTU,20/01/2015,17/02/2015,29/01/2015,Outback Lager,Beverages
10843,51,53,4,0.25,VICTE,21/01/2015,18/02/2015,26/01/2015,Manjimup Dried Apples,Produce
10844,22,21,35,0,PICCO,21/01/2015,18/02/2015,26/01/2015,Gustaf's Knackebröd,Grains & Cereals
10845,23,9,70,0.1,QUICK,21/01/2015,04/02/2015,30/01/2015,Tunnbröd,Grains & Cereals
10845,35,18,25,0.1,QUICK,21/01/2015,04/02/2015,30/01/2015,Steeleye Stout,Beverages
10845,42,14,42,0.1,QUICK,21/01/2015,04/02/2015,30/01/2015,Singaporean Hokkien Fried Mee,Grains & Cereals
10845,58,13.25,60,0.1,QUICK,21/01/2015,04/02/2015,30/01/2015,Escargots de Bourgogne,Seafood
10845,64,33.25,48,0,QUICK,21/01/2015,04/02/2015,30/01/2015,Wimmers gute Semmelknödel,Grains & Cereals
10846,4,22,21,0,SUPRD,22/01/2015,05/03/2015,23/01/2015,Chef Anton's Cajun Seasoning,Condiments
10846,70,15,30,0,SUPRD,22/01/2015,05/03/2015,23/01/2015,Outback Lager,Beverages
10846,74,10,20,0,SUPRD,22/01/2015,05/03/2015,23/01/2015,Longlife Tofu,Produce
10847,1,18,80,0.2,SAVEA,22/01/2015,05/02/2015,10/02/2015,Chai,Beverages
10847,19,9.2,12,0.2,SAVEA,22/01/2015,05/02/2015,10/02/2015,Teatime Chocolate Biscuits,Confections
10847,37,26,60,0.2,SAVEA,22/01/2015,05/02/2015,10/02/2015,Gravad lax,Seafood
10847,45,9.5,36,0.2,SAVEA,22/01/2015,05/02/2015,10/02/2015,Rogede sild,Seafood
10847,60,34,45,0.2,SAVEA,22/01/2015,05/02/2015,10/02/2015,Camembert Pierrot,Dairy Products
10847,71,21.5,55,0.2,SAVEA,22/01/2015,05/02/2015,10/02/2015,Flotemysost,Dairy Products
10848,5,21.35,30,0,CONSH,23/01/2015,20/02/2015,29/01/2015,Chef Anton's Gumbo Mix,Condiments
10848,9,97,3,0,CONSH,23/01/2015,20/02/2015,29/01/2015,Mishi Kobe Niku,Meat & Poultry
10849,3,10,49,0,KOENE,23/01/2015,20/02/2015,30/01/2015,Aniseed Syrup,Condiments
10849,26,31.23,18,0.15,KOENE,23/01/2015,20/02/2015,30/01/2015,Gumbär Gummibärchen,Confections
10850,25,14,20,0.15,VICTE,23/01/2015,06/03/2015,30/01/2015,NuNuCa Nuß-Nougat-Creme,Confections
10850,33,2.5,4,0.15,VICTE,23/01/2015,06/03/2015,30/01/2015,Geitost,Dairy Products
10850,70,15,30,0.15,VICTE,23/01/2015,06/03/2015,30/01/2015,Outback Lager,Beverages
10851,2,19,5,0.05,RICAR,26/01/2015,23/02/2015,02/02/2015,Chang,Beverages
10851,25,14,10,0.05,RICAR,26/01/2015,23/02/2015,02/02/2015,NuNuCa Nuß-Nougat-Creme,Confections
10851,57,19.5,10,0.05,RICAR,26/01/2015,23/02/2015,02/02/2015,Ravioli Angelo,Grains & Cereals
10851,59,55,42,0.05,RICAR,26/01/2015,23/02/2015,02/02/2015,Raclette Courdavault,Dairy Products
10852,2,19,15,0,RATTC,26/01/2015,09/02/2015,30/01/2015,Chang,Beverages
10852,17,39,6,0,RATTC,26/01/2015,09/02/2015,30/01/2015,Alice Mutton,Meat & Poultry
10852,62,49.3,50,0,RATTC,26/01/2015,09/02/2015,30/01/2015,Tarte au sucre,Confections
10853,18,62.5,10,0,BLAUS,27/01/2015,24/02/2015,03/02/2015,Carnarvon Tigers,Seafood
10854,10,31,100,0.15,ERNSH,27/01/2015,24/02/2015,05/02/2015,Ikura,Seafood
10854,13,6,65,0.15,ERNSH,27/01/2015,24/02/2015,05/02/2015,Konbu,Seafood
10855,16,17.45,50,0,OLDWO,27/01/2015,24/02/2015,04/02/2015,Pavlova,Confections
10855,31,12.5,14,0,OLDWO,27/01/2015,24/02/2015,04/02/2015,Gorgonzola Telino,Dairy Products
10855,56,38,24,0,OLDWO,27/01/2015,24/02/2015,04/02/2015,Gnocchi di nonna Alice,Grains & Cereals
10855,65,21.05,15,0.15,OLDWO,27/01/2015,24/02/2015,04/02/2015,Louisiana Fiery Hot Pepper Sauce,Condiments
10856,2,19,20,0,ANTON,28/01/2015,25/02/2015,10/02/2015,Chang,Beverages
10856,42,14,20,0,ANTON,28/01/2015,25/02/2015,10/02/2015,Singaporean Hokkien Fried Mee,Grains & Cereals
10857,3,10,30,0,BERGS,28/01/2015,25/02/2015,06/02/2015,Aniseed Syrup,Condiments
10857,26,31.23,35,0.25,BERGS,28/01/2015,25/02/2015,06/02/2015,Gumbär Gummibärchen,Confections
10857,29,123.79,10,0.25,BERGS,28/01/2015,25/02/2015,06/02/2015,Thüringer Rostbratwurst,Meat & Poultry
10858,7,30,5,0,LACOR,29/01/2015,26/02/2015,03/02/2015,Uncle Bob's Organic Dried Pears,Produce
10858,27,43.9,10,0,LACOR,29/01/2015,26/02/2015,03/02/2015,Schoggi Schokolade,Confections
10858,70,15,4,0,LACOR,29/01/2015,26/02/2015,03/02/2015,Outback Lager,Beverages
10859,24,4.5,40,0.25,FRANK,29/01/2015,26/02/2015,02/02/2015,Guarana Fantastica,Beverages
10859,54,7.45,35,0.25,FRANK,29/01/2015,26/02/2015,02/02/2015,Tourtière,Meat & Poultry
10859,64,33.25,30,0.25,FRANK,29/01/2015,26/02/2015,02/02/2015,Wimmers gute Semmelknödel,Grains & Cereals
10860,51,53,3,0,FRANR,29/01/2015,26/02/2015,04/02/2015,Manjimup Dried Apples,Produce
10860,76,18,20,0,FRANR,29/01/2015,26/02/2015,04/02/2015,Lakkaliköri,Beverages
10861,17,39,42,0,WHITC,30/01/2015,27/02/2015,17/02/2015,Alice Mutton,Meat & Poultry
10861,18,62.5,20,0,WHITC,30/01/2015,27/02/2015,17/02/2015,Carnarvon Tigers,Seafood
10861,21,10,40,0,WHITC,30/01/2015,27/02/2015,17/02/2015,Sir Rodney's Scones,Confections
10861,33,2.5,35,0,WHITC,30/01/2015,27/02/2015,17/02/2015,Geitost,Dairy Products
10861,62,49.3,3,0,WHITC,30/01/2015,27/02/2015,17/02/2015,Tarte au sucre,Confections
10862,11,21,25,0,LEHMS,30/01/2015,13/03/2015,02/02/2015,Queso Cabrales,Dairy Products
10862,52,7,8,0,LEHMS,30/01/2015,13/03/2015,02/02/2015,Filo Mix,Grains & Cereals
10863,1,18,20,0.15,HILAA,02/02/2015,02/03/2015,17/02/2015,Chai,Beverages
10863,58,13.25,12,0.15,HILAA,02/02/2015,02/03/2015,17/02/2015,Escargots de Bourgogne,Seafood
10864,35,18,4,0,AROUT,02/02/2015,02/03/2015,09/02/2015,Steeleye Stout,Beverages
10864,67,14,15,0,AROUT,02/02/2015,02/03/2015,09/02/2015,Laughing Lumberjack Lager,Beverages
10865,38,263.5,60,0.05,QUICK,02/02/2015,16/02/2015,12/02/2015,Côte de Blaye,Beverages
10865,39,18,80,0.05,QUICK,02/02/2015,16/02/2015,12/02/2015,Chartreuse verte,Beverages
10866,2,19,21,0.25,BERGS,03/02/2015,03/03/2015,12/02/2015,Chang,Beverages
10866,24,4.5,6,0.25,BERGS,03/02/2015,03/03/2015,12/02/2015,Guarana Fantastica,Beverages
10866,30,25.89,40,0.25,BERGS,03/02/2015,03/03/2015,12/02/2015,Nord-Ost Matjeshering,Seafood
10867,53,32.8,3,0,LONEP,03/02/2015,17/03/2015,11/02/2015,Perth Pasties,Meat & Poultry
10868,26,31.23,20,0,QUEEN,04/02/2015,04/03/2015,23/02/2015,Gumbär Gummibärchen,Confections
10868,35,18,30,0,QUEEN,04/02/2015,04/03/2015,23/02/2015,Steeleye Stout,Beverages
10868,49,20,42,0.1,QUEEN,04/02/2015,04/03/2015,23/02/2015,Maxilaku,Confections
10869,1,18,40,0,SEVES,04/02/2015,04/03/2015,09/02/2015,Chai,Beverages
10869,11,21,10,0,SEVES,04/02/2015,04/03/2015,09/02/2015,Queso Cabrales,Dairy Products
10869,23,9,50,0,SEVES,04/02/2015,04/03/2015,09/02/2015,Tunnbröd,Grains & Cereals
10869,68,12.5,20,0,SEVES,04/02/2015,04/03/2015,09/02/2015,Scottish Longbreads,Confections
10870,35,18,3,0,WOLZA,04/02/2015,04/03/2015,13/02/2015,Steeleye Stout,Beverages
10870,51,53,2,0,WOLZA,04/02/2015,04/03/2015,13/02/2015,Manjimup Dried Apples,Produce
10871,6,25,50,0.05,BONAP,05/02/2015,05/03/2015,10/02/2015,Grandma's Boysenberry Spread,Condiments
10871,16,17.45,12,0.05,BONAP,05/02/2015,05/03/2015,10/02/2015,Pavlova,Confections
10871,17,39,16,0.05,BONAP,05/02/2015,05/03/2015,10/02/2015,Alice Mutton,Meat & Poultry
10872,55,24,10,0.05,GODOS,05/02/2015,05/03/2015,09/02/2015,Pâté chinois,Meat & Poultry
10872,62,49.3,20,0.05,GODOS,05/02/2015,05/03/2015,09/02/2015,Tarte au sucre,Confections
10872,64,33.25,15,0.05,GODOS,05/02/2015,05/03/2015,09/02/2015,Wimmers gute Semmelknödel,Grains & Cereals
10872,65,21.05,21,0.05,GODOS,05/02/2015,05/03/2015,09/02/2015,Louisiana Fiery Hot Pepper Sauce,Condiments
10873,21,10,20,0,WILMK,06/02/2015,06/03/2015,09/02/2015,Sir Rodney's Scones,Confections
10873,28,45.6,3,0,WILMK,06/02/2015,06/03/2015,09/02/2015,Rössle Sauerkraut,Produce
10874,10,31,10,0,GODOS,06/02/2015,06/03/2015,11/02/2015,Ikura,Seafood
10875,19,9.2,25,0,BERGS,06/02/2015,06/03/2015,03/03/2015,Teatime Chocolate Biscuits,Confections
10875,47,9.5,21,0.1,BERGS,06/02/2015,06/03/2015,03/03/2015,Zaanse koeken,Confections
10875,49,20,15,0,BERGS,06/02/2015,06/03/2015,03/03/2015,Maxilaku,Confections
10876,46,12,21,0,BONAP,09/02/2015,09/03/2015,12/02/2015,Spegesild,Seafood
10876,64,33.25,20,0,BONAP,09/02/2015,09/03/2015,12/02/2015,Wimmers gute Semmelknödel,Grains & Cereals
10877,16,17.45,30,0.25,RICAR,09/02/2015,09/03/2015,19/02/2015,Pavlova,Confections
10877,18,62.5,25,0,RICAR,09/02/2015,09/03/2015,19/02/2015,Carnarvon Tigers,Seafood
10878,20,81,20,0.05,QUICK,10/02/2015,10/03/2015,12/02/2015,Sir Rodney's Marmalade,Confections
10879,40,18.4,12,0,WILMK,10/02/2015,10/03/2015,12/02/2015,Boston Crab Meat,Seafood
10879,65,21.05,10,0,WILMK,10/02/2015,10/03/2015,12/02/2015,Louisiana Fiery Hot Pepper Sauce,Condiments
10879,76,18,10,0,WILMK,10/02/2015,10/03/2015,12/02/2015,Lakkaliköri,Beverages
10880,23,9,30,0.2,FOLKO,10/02/2015,24/03/2015,18/02/2015,Tunnbröd,Grains & Cereals
10880,61,28.5,30,0.2,FOLKO,10/02/2015,24/03/2015,18/02/2015,Sirop d'érable,Condiments
10880,70,15,50,0.2,FOLKO,10/02/2015,24/03/2015,18/02/2015,Outback Lager,Beverages
10881,73,15,10,0,CACTU,11/02/2015,11/03/2015,18/02/2015,Röd Kaviar,Seafood
10882,42,14,25,0,SAVEA,11/02/2015,11/03/2015,20/02/2015,Singaporean Hokkien Fried Mee,Grains & Cereals
10882,49,20,20,0.15,SAVEA,11/02/2015,11/03/2015,20/02/2015,Maxilaku,Confections
10882,54,7.45,32,0.15,SAVEA,11/02/2015,11/03/2015,20/02/2015,Tourtière,Meat & Poultry
10883,24,4.5,8,0,LONEP,12/02/2015,12/03/2015,20/02/2015,Guarana Fantastica,Beverages
10884,21,10,40,0.05,LETSS,12/02/2015,12/03/2015,13/02/2015,Sir Rodney's Scones,Confections
10884,56,38,21,0.05,LETSS,12/02/2015,12/03/2015,13/02/2015,Gnocchi di nonna Alice,Grains & Cereals
10884,65,21.05,12,0.05,LETSS,12/02/2015,12/03/2015,13/02/2015,Louisiana Fiery Hot Pepper Sauce,Condiments
10885,2,19,20,0,SUPRD,12/02/2015,12/03/2015,18/02/2015,Chang,Beverages
10885,24,4.5,12,0,SUPRD,12/02/2015,12/03/2015,18/02/2015,Guarana Fantastica,Beverages
10885,70,15,30,0,SUPRD,12/02/2015,12/03/2015,18/02/2015,Outback Lager,Beverages
10885,77,13,25,0,SUPRD,12/02/2015,12/03/2015,18/02/2015,Original Frankfurter Grüne Soße,Condiments
10886,10,31,70,0,HANAR,13/02/2015,13/03/2015,02/03/2015,Ikura,Seafood
10886,31,12.5,35,0,HANAR,13/02/2015,13/03/2015,02/03/2015,Gorgonzola Telino,Dairy Products
10886,77,13,40,0,HANAR,13/02/2015,13/03/2015,02/03/2015,Original Frankfurter Grüne Soße,Condiments
10887,25,14,5,0,GALED,13/02/2015,13/03/2015,16/02/2015,NuNuCa Nuß-Nougat-Creme,Confections
10888,2,19,20,0,GODOS,16/02/2015,16/03/2015,23/02/2015,Chang,Beverages
10888,68,12.5,18,0,GODOS,16/02/2015,16/03/2015,23/02/2015,Scottish Longbreads,Confections
10889,11,21,40,0,RATTC,16/02/2015,16/03/2015,23/02/2015,Queso Cabrales,Dairy Products
10889,38,263.5,40,0,RATTC,16/02/2015,16/03/2015,23/02/2015,Côte de Blaye,Beverages
10890,17,39,15,0,DUMON,16/02/2015,16/03/2015,18/02/2015,Alice Mutton,Meat & Poultry
10890,34,14,10,0,DUMON,16/02/2015,16/03/2015,18/02/2015,Sasquatch Ale,Beverages
10890,41,9.65,14,0,DUMON,16/02/2015,16/03/2015,18/02/2015,Jack's New England Clam Chowder,Seafood
10891,30,25.89,15,0.05,LEHMS,17/02/2015,17/03/2015,19/02/2015,Nord-Ost Matjeshering,Seafood
10892,59,55,40,0.05,MAISD,17/02/2015,17/03/2015,19/02/2015,Raclette Courdavault,Dairy Products
10893,8,40,30,0,KOENE,18/02/2015,18/03/2015,20/02/2015,Northwoods Cranberry Sauce,Condiments
10893,24,4.5,10,0,KOENE,18/02/2015,18/03/2015,20/02/2015,Guarana Fantastica,Beverages
10893,29,123.79,24,0,KOENE,18/02/2015,18/03/2015,20/02/2015,Thüringer Rostbratwurst,Meat & Poultry
10893,30,25.89,35,0,KOENE,18/02/2015,18/03/2015,20/02/2015,Nord-Ost Matjeshering,Seafood
10893,36,19,20,0,KOENE,18/02/2015,18/03/2015,20/02/2015,Inlagd Sill,Seafood
10894,13,6,28,0.05,SAVEA,18/02/2015,18/03/2015,20/02/2015,Konbu,Seafood
10894,69,36,50,0.05,SAVEA,18/02/2015,18/03/2015,20/02/2015,Gudbrandsdalsost,Dairy Products
10894,75,7.75,120,0.05,SAVEA,18/02/2015,18/03/2015,20/02/2015,Rhönbräu Klosterbier,Beverages
10895,24,4.5,110,0,ERNSH,18/02/2015,18/03/2015,23/02/2015,Guarana Fantastica,Beverages
10895,39,18,45,0,ERNSH,18/02/2015,18/03/2015,23/02/2015,Chartreuse verte,Beverages
10895,40,18.4,91,0,ERNSH,18/02/2015,18/03/2015,23/02/2015,Boston Crab Meat,Seafood
10895,60,34,100,0,ERNSH,18/02/2015,18/03/2015,23/02/2015,Camembert Pierrot,Dairy Products
10896,45,9.5,15,0,MAISD,19/02/2015,19/03/2015,27/02/2015,Rogede sild,Seafood
10896,56,38,16,0,MAISD,19/02/2015,19/03/2015,27/02/2015,Gnocchi di nonna Alice,Grains & Cereals
10897,29,123.79,80,0,HUNGO,19/02/2015,19/03/2015,25/02/2015,Thüringer Rostbratwurst,Meat & Poultry
10897,30,25.89,36,0,HUNGO,19/02/2015,19/03/2015,25/02/2015,Nord-Ost Matjeshering,Seafood
10898,13,6,5,0,OCEAN,20/02/2015,20/03/2015,06/03/2015,Konbu,Seafood
10899,39,18,8,0.15,LILAS,20/02/2015,20/03/2015,26/02/2015,Chartreuse verte,Beverages
10900,70,15,3,0.25,WELLI,20/02/2015,20/03/2015,04/03/2015,Outback Lager,Beverages
10901,41,9.65,30,0,HILAA,23/02/2015,23/03/2015,26/02/2015,Jack's New England Clam Chowder,Seafood
10901,71,21.5,30,0,HILAA,23/02/2015,23/03/2015,26/02/2015,Flotemysost,Dairy Products
10902,55,24,30,0.15,FOLKO,23/02/2015,23/03/2015,03/03/2015,Pâté chinois,Meat & Poultry
10902,62,49.3,6,0.15,FOLKO,23/02/2015,23/03/2015,03/03/2015,Tarte au sucre,Confections
10903,13,6,40,0,HANAR,24/02/2015,24/03/2015,04/03/2015,Konbu,Seafood
10903,65,21.05,21,0,HANAR,24/02/2015,24/03/2015,04/03/2015,Louisiana Fiery Hot Pepper Sauce,Condiments
10903,68,12.5,20,0,HANAR,24/02/2015,24/03/2015,04/03/2015,Scottish Longbreads,Confections
10904,58,13.25,15,0,WHITC,24/02/2015,24/03/2015,27/02/2015,Escargots de Bourgogne,Seafood
10904,62,49.3,35,0,WHITC,24/02/2015,24/03/2015,27/02/2015,Tarte au sucre,Confections
10905,1,18,20,0.05,WELLI,24/02/2015,24/03/2015,06/03/2015,Chai,Beverages
10906,61,28.5,15,0,WOLZA,25/02/2015,11/03/2015,03/03/2015,Sirop d'érable,Condiments
10907,75,7.75,14,0,SPECD,25/02/2015,25/03/2015,27/02/2015,Rhönbräu Klosterbier,Beverages
10908,7,30,20,0.05,REGGC,26/02/2015,26/03/2015,06/03/2015,Uncle Bob's Organic Dried Pears,Produce
10908,52,7,14,0.05,REGGC,26/02/2015,26/03/2015,06/03/2015,Filo Mix,Grains & Cereals
10909,7,30,12,0,SANTG,26/02/2015,26/03/2015,10/03/2015,Uncle Bob's Organic Dried Pears,Produce
10909,16,17.45,15,0,SANTG,26/02/2015,26/03/2015,10/03/2015,Pavlova,Confections
10909,41,9.65,5,0,SANTG,26/02/2015,26/03/2015,10/03/2015,Jack's New England Clam Chowder,Seafood
10910,19,9.2,12,0,WILMK,26/02/2015,26/03/2015,04/03/2015,Teatime Chocolate Biscuits,Confections
10910,49,20,10,0,WILMK,26/02/2015,26/03/2015,04/03/2015,Maxilaku,Confections
10910,61,28.5,5,0,WILMK,26/02/2015,26/03/2015,04/03/2015,Sirop d'érable,Condiments
10911,1,18,10,0,GODOS,26/02/2015,26/03/2015,05/03/2015,Chai,Beverages
10911,17,39,12,0,GODOS,26/02/2015,26/03/2015,05/03/2015,Alice Mutton,Meat & Poultry
10911,67,14,15,0,GODOS,26/02/2015,26/03/2015,05/03/2015,Laughing Lumberjack Lager,Beverages
10912,11,21,40,0.25,HUNGO,26/02/2015,26/03/2015,18/03/2015,Queso Cabrales,Dairy Products
10912,29,123.79,60,0.25,HUNGO,26/02/2015,26/03/2015,18/03/2015,Thüringer Rostbratwurst,Meat & Poultry
10913,4,22,30,0.25,QUEEN,26/02/2015,26/03/2015,04/03/2015,Chef Anton's Cajun Seasoning,Condiments
10913,33,2.5,40,0.25,QUEEN,26/02/2015,26/03/2015,04/03/2015,Geitost,Dairy Products
10913,58,13.25,15,0,QUEEN,26/02/2015,26/03/2015,04/03/2015,Escargots de Bourgogne,Seafood
10914,71,21.5,25,0,QUEEN,27/02/2015,27/03/2015,02/03/2015,Flotemysost,Dairy Products
10915,17,39,10,0,TORTU,27/02/2015,27/03/2015,02/03/2015,Alice Mutton,Meat & Poultry
10915,33,2.5,30,0,TORTU,27/02/2015,27/03/2015,02/03/2015,Geitost,Dairy Products
10915,54,7.45,10,0,TORTU,27/02/2015,27/03/2015,02/03/2015,Tourtière,Meat & Poultry
10916,16,17.45,6,0,RANCH,27/02/2015,27/03/2015,09/03/2015,Pavlova,Confections
10916,32,32,6,0,RANCH,27/02/2015,27/03/2015,09/03/2015,Mascarpone Fabioli,Dairy Products
10916,57,19.5,20,0,RANCH,27/02/2015,27/03/2015,09/03/2015,Ravioli Angelo,Grains & Cereals
10917,30,25.89,1,0,ROMEY,02/03/2015,30/03/2015,11/03/2015,Nord-Ost Matjeshering,Seafood
10917,60,34,10,0,ROMEY,02/03/2015,30/03/2015,11/03/2015,Camembert Pierrot,Dairy Products
10918,1,18,60,0.25,BOTTM,02/03/2015,30/03/2015,11/03/2015,Chai,Beverages
10918,60,34,25,0.25,BOTTM,02/03/2015,30/03/2015,11/03/2015,Camembert Pierrot,Dairy Products
10919,16,17.45,24,0,LINOD,02/03/2015,30/03/2015,04/03/2015,Pavlova,Confections
10919,25,14,24,0,LINOD,02/03/2015,30/03/2015,04/03/2015,NuNuCa Nuß-Nougat-Creme,Confections
10919,40,18.4,20,0,LINOD,02/03/2015,30/03/2015,04/03/2015,Boston Crab Meat,Seafood
10920,50,16.25,24,0,AROUT,03/03/2015,31/03/2015,09/03/2015,Valkoinen suklaa,Confections
10921,35,18,10,0,VAFFE,03/03/2015,14/04/2015,09/03/2015,Steeleye Stout,Beverages
10921,63,43.9,40,0,VAFFE,03/03/2015,14/04/2015,09/03/2015,Vegie-spread,Condiments
10922,17,39,15,0,HANAR,03/03/2015,31/03/2015,05/03/2015,Alice Mutton,Meat & Poultry
10922,24,4.5,35,0,HANAR,03/03/2015,31/03/2015,05/03/2015,Guarana Fantastica,Beverages
10923,42,14,10,0.2,LAMAI,03/03/2015,14/04/2015,13/03/2015,Singaporean Hokkien Fried Mee,Grains & Cereals
10923,43,46,10,0.2,LAMAI,03/03/2015,14/04/2015,13/03/2015,Ipoh Coffee,Beverages
10923,67,14,24,0.2,LAMAI,03/03/2015,14/04/2015,13/03/2015,Laughing Lumberjack Lager,Beverages
10924,10,31,20,0.1,BERGS,04/03/2015,01/04/2015,08/04/2015,Ikura,Seafood
10924,28,45.6,30,0.1,BERGS,04/03/2015,01/04/2015,08/04/2015,Rössle Sauerkraut,Produce
10924,75,7.75,6,0,BERGS,04/03/2015,01/04/2015,08/04/2015,Rhönbräu Klosterbier,Beverages
10925,36,19,25,0.15,HANAR,04/03/2015,01/04/2015,13/03/2015,Inlagd Sill,Seafood
10925,52,7,12,0.15,HANAR,04/03/2015,01/04/2015,13/03/2015,Filo Mix,Grains & Cereals
10926,11,21,2,0,ANATR,04/03/2015,01/04/2015,11/03/2015,Queso Cabrales,Dairy Products
10926,13,6,10,0,ANATR,04/03/2015,01/04/2015,11/03/2015,Konbu,Seafood
10926,19,9.2,7,0,ANATR,04/03/2015,01/04/2015,11/03/2015,Teatime Chocolate Biscuits,Confections
10926,72,34.8,10,0,ANATR,04/03/2015,01/04/2015,11/03/2015,Mozzarella di Giovanni,Dairy Products
10927,20,81,5,0,LACOR,05/03/2015,02/04/2015,08/04/2015,Sir Rodney's Marmalade,Confections
10927,52,7,5,0,LACOR,05/03/2015,02/04/2015,08/04/2015,Filo Mix,Grains & Cereals
10927,76,18,20,0,LACOR,05/03/2015,02/04/2015,08/04/2015,Lakkaliköri,Beverages
10928,47,9.5,5,0,GALED,05/03/2015,02/04/2015,18/03/2015,Zaanse koeken,Confections
10928,76,18,5,0,GALED,05/03/2015,02/04/2015,18/03/2015,Lakkaliköri,Beverages
10929,21,10,60,0,FRANK,05/03/2015,02/04/2015,12/03/2015,Sir Rodney's Scones,Confections
10929,75,7.75,49,0,FRANK,05/03/2015,02/04/2015,12/03/2015,Rhönbräu Klosterbier,Beverages
10929,77,13,15,0,FRANK,05/03/2015,02/04/2015,12/03/2015,Original Frankfurter Grüne Soße,Condiments
10930,21,10,36,0,SUPRD,06/03/2015,17/04/2015,18/03/2015,Sir Rodney's Scones,Confections
10930,27,43.9,25,0,SUPRD,06/03/2015,17/04/2015,18/03/2015,Schoggi Schokolade,Confections
10930,55,24,25,0.2,SUPRD,06/03/2015,17/04/2015,18/03/2015,Pâté chinois,Meat & Poultry
10930,58,13.25,30,0.2,SUPRD,06/03/2015,17/04/2015,18/03/2015,Escargots de Bourgogne,Seafood
10931,13,6,42,0.15,RICSU,06/03/2015,20/03/2015,19/03/2015,Konbu,Seafood
10931,57,19.5,30,0,RICSU,06/03/2015,20/03/2015,19/03/2015,Ravioli Angelo,Grains & Cereals
10932,16,17.45,30,0.1,BONAP,06/03/2015,03/04/2015,24/03/2015,Pavlova,Confections
10932,62,49.3,14,0.1,BONAP,06/03/2015,03/04/2015,24/03/2015,Tarte au sucre,Confections
10932,72,34.8,16,0,BONAP,06/03/2015,03/04/2015,24/03/2015,Mozzarella di Giovanni,Dairy Products
10932,75,7.75,20,0.1,BONAP,06/03/2015,03/04/2015,24/03/2015,Rhönbräu Klosterbier,Beverages
10933,53,32.8,2,0,ISLAT,06/03/2015,03/04/2015,16/03/2015,Perth Pasties,Meat & Poultry
10933,61,28.5,30,0,ISLAT,06/03/2015,03/04/2015,16/03/2015,Sirop d'érable,Condiments
10934,6,25,20,0,LEHMS,09/03/2015,06/04/2015,12/03/2015,Grandma's Boysenberry Spread,Condiments
10935,1,18,21,0,WELLI,09/03/2015,06/04/2015,18/03/2015,Chai,Beverages
10935,18,62.5,4,0.25,WELLI,09/03/2015,06/04/2015,18/03/2015,Carnarvon Tigers,Seafood
10935,23,9,8,0.25,WELLI,09/03/2015,06/04/2015,18/03/2015,Tunnbröd,Grains & Cereals
10936,36,19,30,0.2,GREAL,09/03/2015,06/04/2015,18/03/2015,Inlagd Sill,Seafood
10937,28,45.6,8,0,CACTU,10/03/2015,24/03/2015,13/03/2015,Rössle Sauerkraut,Produce
10937,34,14,20,0,CACTU,10/03/2015,24/03/2015,13/03/2015,Sasquatch Ale,Beverages
10938,13,6,20,0.25,QUICK,10/03/2015,07/04/2015,16/03/2015,Konbu,Seafood
10938,43,46,24,0.25,QUICK,10/03/2015,07/04/2015,16/03/2015,Ipoh Coffee,Beverages
10938,60,34,49,0.25,QUICK,10/03/2015,07/04/2015,16/03/2015,Camembert Pierrot,Dairy Products
10938,71,21.5,35,0.25,QUICK,10/03/2015,07/04/2015,16/03/2015,Flotemysost,Dairy Products
10939,2,19,10,0.15,MAGAA,10/03/2015,07/04/2015,13/03/2015,Chang,Beverages
10939,67,14,40,0.15,MAGAA,10/03/2015,07/04/2015,13/03/2015,Laughing Lumberjack Lager,Beverages
10940,7,30,8,0,BONAP,11/03/2015,08/04/2015,23/03/2015,Uncle Bob's Organic Dried Pears,Produce
10940,13,6,20,0,BONAP,11/03/2015,08/04/2015,23/03/2015,Konbu,Seafood
10941,31,12.5,44,0.25,SAVEA,11/03/2015,08/04/2015,20/03/2015,Gorgonzola Telino,Dairy Products
10941,62,49.3,30,0.25,SAVEA,11/03/2015,08/04/2015,20/03/2015,Tarte au sucre,Confections
10941,68,12.5,80,0.25,SAVEA,11/03/2015,08/04/2015,20/03/2015,Scottish Longbreads,Confections
10941,72,34.8,50,0,SAVEA,11/03/2015,08/04/2015,20/03/2015,Mozzarella di Giovanni,Dairy Products
10942,49,20,28,0,REGGC,11/03/2015,08/04/2015,18/03/2015,Maxilaku,Confections
10943,13,6,15,0,BSBEV,11/03/2015,08/04/2015,19/03/2015,Konbu,Seafood
10943,22,21,21,0,BSBEV,11/03/2015,08/04/2015,19/03/2015,Gustaf's Knackebröd,Grains & Cereals
10943,46,12,15,0,BSBEV,11/03/2015,08/04/2015,19/03/2015,Spegesild,Seafood
10944,11,21,5,0.25,BOTTM,12/03/2015,26/03/2015,13/03/2015,Queso Cabrales,Dairy Products
10944,44,19.45,18,0.25,BOTTM,12/03/2015,26/03/2015,13/03/2015,Gula Malacca,Condiments
10944,56,38,18,0,BOTTM,12/03/2015,26/03/2015,13/03/2015,Gnocchi di nonna Alice,Grains & Cereals
10945,13,6,20,0,MORGK,12/03/2015,09/04/2015,18/03/2015,Konbu,Seafood
10945,31,12.5,10,0,MORGK,12/03/2015,09/04/2015,18/03/2015,Gorgonzola Telino,Dairy Products
10946,10,31,25,0,VAFFE,12/03/2015,09/04/2015,19/03/2015,Ikura,Seafood
10946,24,4.5,25,0,VAFFE,12/03/2015,09/04/2015,19/03/2015,Guarana Fantastica,Beverages
10946,77,13,40,0,VAFFE,12/03/2015,09/04/2015,19/03/2015,Original Frankfurter Grüne Soße,Condiments
10947,59,55,4,0,BSBEV,13/03/2015,10/04/2015,16/03/2015,Raclette Courdavault,Dairy Products
10948,50,16.25,9,0,GODOS,13/03/2015,10/04/2015,19/03/2015,Valkoinen suklaa,Confections
10948,51,53,40,0,GODOS,13/03/2015,10/04/2015,19/03/2015,Manjimup Dried Apples,Produce
10948,55,24,4,0,GODOS,13/03/2015,10/04/2015,19/03/2015,Pâté chinois,Meat & Poultry
10949,6,25,12,0,BOTTM,13/03/2015,10/04/2015,17/03/2015,Grandma's Boysenberry Spread,Condiments
10949,10,31,30,0,BOTTM,13/03/2015,10/04/2015,17/03/2015,Ikura,Seafood
10949,17,39,6,0,BOTTM,13/03/2015,10/04/2015,17/03/2015,Alice Mutton,Meat & Poultry
10949,62,49.3,60,0,BOTTM,13/03/2015,10/04/2015,17/03/2015,Tarte au sucre,Confections
10950,4,22,5,0,MAGAA,16/03/2015,13/04/2015,23/03/2015,Chef Anton's Cajun Seasoning,Condiments
10951,33,2.5,15,0.05,RICSU,16/03/2015,27/04/2015,07/04/2015,Geitost,Dairy Products
10951,41,9.65,6,0.05,RICSU,16/03/2015,27/04/2015,07/04/2015,Jack's New England Clam Chowder,Seafood
10951,75,7.75,50,0.05,RICSU,16/03/2015,27/04/2015,07/04/2015,Rhönbräu Klosterbier,Beverages
10952,6,25,16,0.05,ALFKI,16/03/2015,27/04/2015,24/03/2015,Grandma's Boysenberry Spread,Condiments
10952,28,45.6,2,0,ALFKI,16/03/2015,27/04/2015,24/03/2015,Rössle Sauerkraut,Produce
10953,20,81,50,0.05,AROUT,16/03/2015,30/03/2015,25/03/2015,Sir Rodney's Marmalade,Confections
10953,31,12.5,50,0.05,AROUT,16/03/2015,30/03/2015,25/03/2015,Gorgonzola Telino,Dairy Products
10954,16,17.45,28,0.15,LINOD,17/03/2015,28/04/2015,20/03/2015,Pavlova,Confections
10954,31,12.5,25,0.15,LINOD,17/03/2015,28/04/2015,20/03/2015,Gorgonzola Telino,Dairy Products
10954,45,9.5,30,0,LINOD,17/03/2015,28/04/2015,20/03/2015,Rogede sild,Seafood
10954,60,34,24,0.15,LINOD,17/03/2015,28/04/2015,20/03/2015,Camembert Pierrot,Dairy Products
10955,75,7.75,12,0.2,FOLKO,17/03/2015,14/04/2015,20/03/2015,Rhönbräu Klosterbier,Beverages
10956,21,10,12,0,BLAUS,17/03/2015,28/04/2015,20/03/2015,Sir Rodney's Scones,Confections
10956,47,9.5,14,0,BLAUS,17/03/2015,28/04/2015,20/03/2015,Zaanse koeken,Confections
10956,51,53,8,0,BLAUS,17/03/2015,28/04/2015,20/03/2015,Manjimup Dried Apples,Produce
10957,30,25.89,30,0,HILAA,18/03/2015,15/04/2015,27/03/2015,Nord-Ost Matjeshering,Seafood
10957,35,18,40,0,HILAA,18/03/2015,15/04/2015,27/03/2015,Steeleye Stout,Beverages
10957,64,33.25,8,0,HILAA,18/03/2015,15/04/2015,27/03/2015,Wimmers gute Semmelknödel,Grains & Cereals
10958,5,21.35,20,0,OCEAN,18/03/2015,15/04/2015,27/03/2015,Chef Anton's Gumbo Mix,Condiments
10958,7,30,6,0,OCEAN,18/03/2015,15/04/2015,27/03/2015,Uncle Bob's Organic Dried Pears,Produce
10958,72,34.8,5,0,OCEAN,18/03/2015,15/04/2015,27/03/2015,Mozzarella di Giovanni,Dairy Products
10959,75,7.75,20,0.15,GOURL,18/03/2015,29/04/2015,23/03/2015,Rhönbräu Klosterbier,Beverages
10960,24,4.5,10,0.25,HILAA,19/03/2015,02/04/2015,08/04/2015,Guarana Fantastica,Beverages
10960,41,9.65,24,0,HILAA,19/03/2015,02/04/2015,08/04/2015,Jack's New England Clam Chowder,Seafood
10961,52,7,6,0.05,QUEEN,19/03/2015,16/04/2015,30/03/2015,Filo Mix,Grains & Cereals
10961,76,18,60,0,QUEEN,19/03/2015,16/04/2015,30/03/2015,Lakkaliköri,Beverages
10962,7,30,45,0,QUICK,19/03/2015,16/04/2015,23/03/2015,Uncle Bob's Organic Dried Pears,Produce
10962,13,6,77,0,QUICK,19/03/2015,16/04/2015,23/03/2015,Konbu,Seafood
10962,53,32.8,20,0,QUICK,19/03/2015,16/04/2015,23/03/2015,Perth Pasties,Meat & Poultry
10962,69,36,9,0,QUICK,19/03/2015,16/04/2015,23/03/2015,Gudbrandsdalsost,Dairy Products
10962,76,18,44,0,QUICK,19/03/2015,16/04/2015,23/03/2015,Lakkaliköri,Beverages
10963,60,34,2,0.15,FURIB,19/03/2015,16/04/2015,26/03/2015,Camembert Pierrot,Dairy Products
10964,18,62.5,6,0,SPECD,20/03/2015,17/04/2015,24/03/2015,Carnarvon Tigers,Seafood
10964,38,263.5,5,0,SPECD,20/03/2015,17/04/2015,24/03/2015,Côte de Blaye,Beverages
10964,69,36,10,0,SPECD,20/03/2015,17/04/2015,24/03/2015,Gudbrandsdalsost,Dairy Products
10965,51,53,16,0,OLDWO,20/03/2015,17/04/2015,30/03/2015,Manjimup Dried Apples,Produce
10966,37,26,8,0,CHOPS,20/03/2015,17/04/2015,08/04/2015,Gravad lax,Seafood
10966,56,38,12,0.15,CHOPS,20/03/2015,17/04/2015,08/04/2015,Gnocchi di nonna Alice,Grains & Cereals
10966,62,49.3,12,0.15,CHOPS,20/03/2015,17/04/2015,08/04/2015,Tarte au sucre,Confections
10967,19,9.2,12,0,TOMSP,23/03/2015,20/04/2015,02/04/2015,Teatime Chocolate Biscuits,Confections
10967,49,20,40,0,TOMSP,23/03/2015,20/04/2015,02/04/2015,Maxilaku,Confections
10968,12,38,30,0,ERNSH,23/03/2015,20/04/2015,01/04/2015,Queso Manchego La Pastora,Dairy Products
10968,24,4.5,30,0,ERNSH,23/03/2015,20/04/2015,01/04/2015,Guarana Fantastica,Beverages
10968,64,33.25,4,0,ERNSH,23/03/2015,20/04/2015,01/04/2015,Wimmers gute Semmelknödel,Grains & Cereals
10969,46,12,9,0,COMMI,23/03/2015,20/04/2015,30/03/2015,Spegesild,Seafood
10970,52,7,40,0.2,BOLID,24/03/2015,07/04/2015,24/04/2015,Filo Mix,Grains & Cereals
10971,29,123.79,14,0,FRANR,24/03/2015,21/04/2015,02/04/2015,Thüringer Rostbratwurst,Meat & Poultry
10972,17,39,6,0,LACOR,24/03/2015,21/04/2015,26/03/2015,Alice Mutton,Meat & Poultry
10972,33,2.5,7,0,LACOR,24/03/2015,21/04/2015,26/03/2015,Geitost,Dairy Products
10973,26,31.23,5,0,LACOR,24/03/2015,21/04/2015,27/03/2015,Gumbär Gummibärchen,Confections
10973,41,9.65,6,0,LACOR,24/03/2015,21/04/2015,27/03/2015,Jack's New England Clam Chowder,Seafood
10973,75,7.75,10,0,LACOR,24/03/2015,21/04/2015,27/03/2015,Rhönbräu Klosterbier,Beverages
10974,63,43.9,10,0,SPLIR,25/03/2015,08/04/2015,03/04/2015,Vegie-spread,Condiments
10975,8,40,16,0,BOTTM,25/03/2015,22/04/2015,27/03/2015,Northwoods Cranberry Sauce,Condiments
10975,75,7.75,10,0,BOTTM,25/03/2015,22/04/2015,27/03/2015,Rhönbräu Klosterbier,Beverages
10976,28,45.6,20,0,HILAA,25/03/2015,06/05/2015,03/04/2015,Rössle Sauerkraut,Produce
10977,39,18,30,0,FOLKO,26/03/2015,23/04/2015,10/04/2015,Chartreuse verte,Beverages
10977,47,9.5,30,0,FOLKO,26/03/2015,23/04/2015,10/04/2015,Zaanse koeken,Confections
10977,51,53,10,0,FOLKO,26/03/2015,23/04/2015,10/04/2015,Manjimup Dried Apples,Produce
10977,63,43.9,20,0,FOLKO,26/03/2015,23/04/2015,10/04/2015,Vegie-spread,Condiments
10978,8,40,20,0.15,MAISD,26/03/2015,23/04/2015,23/04/2015,Northwoods Cranberry Sauce,Condiments
10978,21,10,40,0.15,MAISD,26/03/2015,23/04/2015,23/04/2015,Sir Rodney's Scones,Confections
10978,40,18.4,10,0,MAISD,26/03/2015,23/04/2015,23/04/2015,Boston Crab Meat,Seafood
10978,44,19.45,6,0.15,MAISD,26/03/2015,23/04/2015,23/04/2015,Gula Malacca,Condiments
10979,7,30,18,0,ERNSH,26/03/2015,23/04/2015,31/03/2015,Uncle Bob's Organic Dried Pears,Produce
10979,12,38,20,0,ERNSH,26/03/2015,23/04/2015,31/03/2015,Queso Manchego La Pastora,Dairy Products
10979,24,4.5,80,0,ERNSH,26/03/2015,23/04/2015,31/03/2015,Guarana Fantastica,Beverages
10979,27,43.9,30,0,ERNSH,26/03/2015,23/04/2015,31/03/2015,Schoggi Schokolade,Confections
10979,31,12.5,24,0,ERNSH,26/03/2015,23/04/2015,31/03/2015,Gorgonzola Telino,Dairy Products
10979,63,43.9,35,0,ERNSH,26/03/2015,23/04/2015,31/03/2015,Vegie-spread,Condiments
10980,75,7.75,40,0.2,FOLKO,27/03/2015,08/05/2015,17/04/2015,Rhönbräu Klosterbier,Beverages
10981,38,263.5,60,0,HANAR,27/03/2015,24/04/2015,02/04/2015,Côte de Blaye,Beverages
10982,7,30,20,0,BOTTM,27/03/2015,24/04/2015,08/04/2015,Uncle Bob's Organic Dried Pears,Produce
10982,43,46,9,0,BOTTM,27/03/2015,24/04/2015,08/04/2015,Ipoh Coffee,Beverages
10983,13,6,84,0.15,SAVEA,27/03/2015,24/04/2015,06/04/2015,Konbu,Seafood
10983,57,19.5,15,0,SAVEA,27/03/2015,24/04/2015,06/04/2015,Ravioli Angelo,Grains & Cereals
10984,16,17.45,55,0,SAVEA,30/03/2015,27/04/2015,03/04/2015,Pavlova,Confections
10984,24,4.5,20,0,SAVEA,30/03/2015,27/04/2015,03/04/2015,Guarana Fantastica,Beverages
10984,36,19,40,0,SAVEA,30/03/2015,27/04/2015,03/04/2015,Inlagd Sill,Seafood
10985,16,17.45,36,0.1,HUNGO,30/03/2015,27/04/2015,02/04/2015,Pavlova,Confections
10985,18,62.5,8,0.1,HUNGO,30/03/2015,27/04/2015,02/04/2015,Carnarvon Tigers,Seafood
10985,32,32,35,0.1,HUNGO,30/03/2015,27/04/2015,02/04/2015,Mascarpone Fabioli,Dairy Products
10986,11,21,30,0,OCEAN,30/03/2015,27/04/2015,21/04/2015,Queso Cabrales,Dairy Products
10986,20,81,15,0,OCEAN,30/03/2015,27/04/2015,21/04/2015,Sir Rodney's Marmalade,Confections
10986,76,18,10,0,OCEAN,30/03/2015,27/04/2015,21/04/2015,Lakkaliköri,Beverages
10986,77,13,15,0,OCEAN,30/03/2015,27/04/2015,21/04/2015,Original Frankfurter Grüne Soße,Condiments
10987,7,30,60,0,EASTC,31/03/2015,28/04/2015,06/04/2015,Uncle Bob's Organic Dried Pears,Produce
10987,43,46,6,0,EASTC,31/03/2015,28/04/2015,06/04/2015,Ipoh Coffee,Beverages
10987,72,34.8,20,0,EASTC,31/03/2015,28/04/2015,06/04/2015,Mozzarella di Giovanni,Dairy Products
10988,7,30,60,0,RATTC,31/03/2015,28/04/2015,10/04/2015,Uncle Bob's Organic Dried Pears,Produce
10988,62,49.3,40,0.1,RATTC,31/03/2015,28/04/2015,10/04/2015,Tarte au sucre,Confections
10989,6,25,40,0,QUEDE,31/03/2015,28/04/2015,02/04/2015,Grandma's Boysenberry Spread,Condiments
10989,11,21,15,0,QUEDE,31/03/2015,28/04/2015,02/04/2015,Queso Cabrales,Dairy Products
10989,41,9.65,4,0,QUEDE,31/03/2015,28/04/2015,02/04/2015,Jack's New England Clam Chowder,Seafood
10990,21,10,65,0,ERNSH,01/04/2015,13/05/2015,07/04/2015,Sir Rodney's Scones,Confections
10990,34,14,60,0.15,ERNSH,01/04/2015,13/05/2015,07/04/2015,Sasquatch Ale,Beverages
10990,55,24,65,0.15,ERNSH,01/04/2015,13/05/2015,07/04/2015,Pâté chinois,Meat & Poultry
10990,61,28.5,66,0.15,ERNSH,01/04/2015,13/05/2015,07/04/2015,Sirop d'érable,Condiments
10991,2,19,50,0.2,QUICK,01/04/2015,29/04/2015,07/04/2015,Chang,Beverages
10991,70,15,20,0.2,QUICK,01/04/2015,29/04/2015,07/04/2015,Outback Lager,Beverages
10991,76,18,90,0.2,QUICK,01/04/2015,29/04/2015,07/04/2015,Lakkaliköri,Beverages
10992,72,34.8,2,0,THEBI,01/04/2015,29/04/2015,03/04/2015,Mozzarella di Giovanni,Dairy Products
10993,29,123.79,50,0.25,FOLKO,01/04/2015,29/04/2015,10/04/2015,Thüringer Rostbratwurst,Meat & Poultry
10993,41,9.65,35,0.25,FOLKO,01/04/2015,29/04/2015,10/04/2015,Jack's New England Clam Chowder,Seafood
10994,59,55,18,0.05,VAFFE,02/04/2015,16/04/2015,09/04/2015,Raclette Courdavault,Dairy Products
10995,51,53,20,0,PERIC,02/04/2015,30/04/2015,06/04/2015,Manjimup Dried Apples,Produce
10995,60,34,4,0,PERIC,02/04/2015,30/04/2015,06/04/2015,Camembert Pierrot,Dairy Products
10996,42,14,40,0,QUICK,02/04/2015,30/04/2015,10/04/2015,Singaporean Hokkien Fried Mee,Grains & Cereals
10997,32,32,50,0,LILAS,03/04/2015,15/05/2015,13/04/2015,Mascarpone Fabioli,Dairy Products
10997,46,12,20,0.25,LILAS,03/04/2015,15/05/2015,13/04/2015,Spegesild,Seafood
10997,52,7,20,0.25,LILAS,03/04/2015,15/05/2015,13/04/2015,Filo Mix,Grains & Cereals
10998,24,4.5,12,0,WOLZA,03/04/2015,17/04/2015,17/04/2015,Guarana Fantastica,Beverages
10998,61,28.5,7,0,WOLZA,03/04/2015,17/04/2015,17/04/2015,Sirop d'érable,Condiments
10998,74,10,20,0,WOLZA,03/04/2015,17/04/2015,17/04/2015,Longlife Tofu,Produce
10998,75,7.75,30,0,WOLZA,03/04/2015,17/04/2015,17/04/2015,Rhönbräu Klosterbier,Beverages
10999,41,9.65,20,0.05,OTTIK,03/04/2015,01/05/2015,10/04/2015,Jack's New England Clam Chowder,Seafood
10999,51,53,15,0.05,OTTIK,03/04/2015,01/05/2015,10/04/2015,Manjimup Dried Apples,Produce
10999,77,13,21,0.05,OTTIK,03/04/2015,01/05/2015,10/04/2015,Original Frankfurter Grüne Soße,Condiments
11000,4,22,25,0.25,RATTC,06/04/2015,04/05/2015,14/04/2015,Chef Anton's Cajun Seasoning,Condiments
11000,24,4.5,30,0.25,RATTC,06/04/2015,04/05/2015,14/04/2015,Guarana Fantastica,Beverages
11000,77,13,30,0,RATTC,06/04/2015,04/05/2015,14/04/2015,Original Frankfurter Grüne Soße,Condiments
11001,7,30,60,0,FOLKO,06/04/2015,04/05/2015,14/04/2015,Uncle Bob's Organic Dried Pears,Produce
11001,22,21,25,0,FOLKO,06/04/2015,04/05/2015,14/04/2015,Gustaf's Knackebröd,Grains & Cereals
11001,46,12,25,0,FOLKO,06/04/2015,04/05/2015,14/04/2015,Spegesild,Seafood
11001,55,24,6,0,FOLKO,06/04/2015,04/05/2015,14/04/2015,Pâté chinois,Meat & Poultry
11002,13,6,56,0,SAVEA,06/04/2015,04/05/2015,16/04/2015,Konbu,Seafood
11002,35,18,15,0.15,SAVEA,06/04/2015,04/05/2015,16/04/2015,Steeleye Stout,Beverages
11002,42,14,24,0.15,SAVEA,06/04/2015,04/05/2015,16/04/2015,Singaporean Hokkien Fried Mee,Grains & Cereals
11002,55,24,40,0,SAVEA,06/04/2015,04/05/2015,16/04/2015,Pâté chinois,Meat & Poultry
11003,1,18,4,0,THECR,06/04/2015,04/05/2015,08/04/2015,Chai,Beverages
11003,40,18.4,10,0,THECR,06/04/2015,04/05/2015,08/04/2015,Boston Crab Meat,Seafood
11003,52,7,10,0,THECR,06/04/2015,04/05/2015,08/04/2015,Filo Mix,Grains & Cereals
11004,26,31.23,6,0,MAISD,07/04/2015,05/05/2015,20/04/2015,Gumbär Gummibärchen,Confections
11004,76,18,6,0,MAISD,07/04/2015,05/05/2015,20/04/2015,Lakkaliköri,Beverages
11005,1,18,2,0,WILMK,07/04/2015,05/05/2015,10/04/2015,Chai,Beverages
11005,59,55,10,0,WILMK,07/04/2015,05/05/2015,10/04/2015,Raclette Courdavault,Dairy Products
11006,1,18,8,0,GREAL,07/04/2015,05/05/2015,15/04/2015,Chai,Beverages
11006,29,123.79,2,0.25,GREAL,07/04/2015,05/05/2015,15/04/2015,Thüringer Rostbratwurst,Meat & Poultry
11007,8,40,30,0,PRINI,08/04/2015,06/05/2015,13/04/2015,Northwoods Cranberry Sauce,Condiments
11007,29,123.79,10,0,PRINI,08/04/2015,06/05/2015,13/04/2015,Thüringer Rostbratwurst,Meat & Poultry
11007,42,14,14,0,PRINI,08/04/2015,06/05/2015,13/04/2015,Singaporean Hokkien Fried Mee,Grains & Cereals
11008,28,45.6,70,0.05,ERNSH,08/04/2015,06/05/2015,,Rössle Sauerkraut,Produce
11008,34,14,90,0.05,ERNSH,08/04/2015,06/05/2015,,Sasquatch Ale,Beverages
11008,71,21.5,21,0,ERNSH,08/04/2015,06/05/2015,,Flotemysost,Dairy Products
11009,24,4.5,12,0,GODOS,08/04/2015,06/05/2015,10/04/2015,Guarana Fantastica,Beverages
11009,36,19,18,0.25,GODOS,08/04/2015,06/05/2015,10/04/2015,Inlagd Sill,Seafood
11009,60,34,9,0,GODOS,08/04/2015,06/05/2015,10/04/2015,Camembert Pierrot,Dairy Products
11010,7,30,20,0,REGGC,09/04/2015,07/05/2015,21/04/2015,Uncle Bob's Organic Dried Pears,Produce
11010,24,4.5,10,0,REGGC,09/04/2015,07/05/2015,21/04/2015,Guarana Fantastica,Beverages
11011,58,13.25,40,0.05,ALFKI,09/04/2015,07/05/2015,13/04/2015,Escargots de Bourgogne,Seafood
11011,71,21.5,20,0,ALFKI,09/04/2015,07/05/2015,13/04/2015,Flotemysost,Dairy Products
11012,19,9.2,50,0.05,FRANK,09/04/2015,23/04/2015,17/04/2015,Teatime Chocolate Biscuits,Confections
11012,60,34,36,0.05,FRANK,09/04/2015,23/04/2015,17/04/2015,Camembert Pierrot,Dairy Products
11012,71,21.5,60,0.05,FRANK,09/04/2015,23/04/2015,17/04/2015,Flotemysost,Dairy Products
11013,23,9,10,0,ROMEY,09/04/2015,07/05/2015,10/04/2015,Tunnbröd,Grains & Cereals
11013,42,14,4,0,ROMEY,09/04/2015,07/05/2015,10/04/2015,Singaporean Hokkien Fried Mee,Grains & Cereals
11013,45,9.5,20,0,ROMEY,09/04/2015,07/05/2015,10/04/2015,Rogede sild,Seafood
11013,68,12.5,2,0,ROMEY,09/04/2015,07/05/2015,10/04/2015,Scottish Longbreads,Confections
11014,41,9.65,28,0.1,LINOD,10/04/2015,08/05/2015,15/04/2015,Jack's New England Clam Chowder,Seafood
11015,30,25.89,15,0,SANTG,10/04/2015,24/04/2015,20/04/2015,Nord-Ost Matjeshering,Seafood
11015,77,13,18,0,SANTG,10/04/2015,24/04/2015,20/04/2015,Original Frankfurter Grüne Soße,Condiments
11016,31,12.5,15,0,AROUT,10/04/2015,08/05/2015,13/04/2015,Gorgonzola Telino,Dairy Products
11016,36,19,16,0,AROUT,10/04/2015,08/05/2015,13/04/2015,Inlagd Sill,Seafood
11017,3,10,25,0,ERNSH,13/04/2015,11/05/2015,20/04/2015,Aniseed Syrup,Condiments
11017,59,55,110,0,ERNSH,13/04/2015,11/05/2015,20/04/2015,Raclette Courdavault,Dairy Products
11017,70,15,30,0,ERNSH,13/04/2015,11/05/2015,20/04/2015,Outback Lager,Beverages
11018,12,38,20,0,LONEP,13/04/2015,11/05/2015,16/04/2015,Queso Manchego La Pastora,Dairy Products
11018,18,62.5,10,0,LONEP,13/04/2015,11/05/2015,16/04/2015,Carnarvon Tigers,Seafood
11018,56,38,5,0,LONEP,13/04/2015,11/05/2015,16/04/2015,Gnocchi di nonna Alice,Grains & Cereals
11019,46,12,3,0,RANCH,13/04/2015,11/05/2015,,Spegesild,Seafood
11019,49,20,2,0,RANCH,13/04/2015,11/05/2015,,Maxilaku,Confections
11020,10,31,24,0.15,OTTIK,14/04/2015,12/05/2015,16/04/2015,Ikura,Seafood
11021,2,19,11,0.25,QUICK,14/04/2015,12/05/2015,21/04/2015,Chang,Beverages
11021,20,81,15,0,QUICK,14/04/2015,12/05/2015,21/04/2015,Sir Rodney's Marmalade,Confections
11021,26,31.23,63,0,QUICK,14/04/2015,12/05/2015,21/04/2015,Gumbär Gummibärchen,Confections
11021,51,53,44,0.25,QUICK,14/04/2015,12/05/2015,21/04/2015,Manjimup Dried Apples,Produce
11021,72,34.8,35,0,QUICK,14/04/2015,12/05/2015,21/04/2015,Mozzarella di Giovanni,Dairy Products
11022,19,9.2,35,0,HANAR,14/04/2015,12/05/2015,04/05/2015,Teatime Chocolate Biscuits,Confections
11022,69,36,30,0,HANAR,14/04/2015,12/05/2015,04/05/2015,Gudbrandsdalsost,Dairy Products
11023,7,30,4,0,BSBEV,14/04/2015,28/04/2015,24/04/2015,Uncle Bob's Organic Dried Pears,Produce
11023,43,46,30,0,BSBEV,14/04/2015,28/04/2015,24/04/2015,Ipoh Coffee,Beverages
11024,26,31.23,12,0,EASTC,15/04/2015,13/05/2015,20/04/2015,Gumbär Gummibärchen,Confections
11024,33,2.5,30,0,EASTC,15/04/2015,13/05/2015,20/04/2015,Geitost,Dairy Products
11024,65,21.05,21,0,EASTC,15/04/2015,13/05/2015,20/04/2015,Louisiana Fiery Hot Pepper Sauce,Condiments
11024,71,21.5,50,0,EASTC,15/04/2015,13/05/2015,20/04/2015,Flotemysost,Dairy Products
11025,1,18,10,0.1,WARTH,15/04/2015,13/05/2015,24/04/2015,Chai,Beverages
11025,13,6,20,0.1,WARTH,15/04/2015,13/05/2015,24/04/2015,Konbu,Seafood
11026,18,62.5,8,0,FRANS,15/04/2015,13/05/2015,28/04/2015,Carnarvon Tigers,Seafood
11026,51,53,10,0,FRANS,15/04/2015,13/05/2015,28/04/2015,Manjimup Dried Apples,Produce
11027,24,4.5,30,0.25,BOTTM,16/04/2015,14/05/2015,20/04/2015,Guarana Fantastica,Beverages
11027,62,49.3,21,0.25,BOTTM,16/04/2015,14/05/2015,20/04/2015,Tarte au sucre,Confections
11028,55,24,35,0,KOENE,16/04/2015,14/05/2015,22/04/2015,Pâté chinois,Meat & Poultry
11028,59,55,24,0,KOENE,16/04/2015,14/05/2015,22/04/2015,Raclette Courdavault,Dairy Products
11029,56,38,20,0,CHOPS,16/04/2015,14/05/2015,27/04/2015,Gnocchi di nonna Alice,Grains & Cereals
11029,63,43.9,12,0,CHOPS,16/04/2015,14/05/2015,27/04/2015,Vegie-spread,Condiments
11030,2,19,100,0.25,SAVEA,17/04/2015,15/05/2015,27/04/2015,Chang,Beverages
11030,5,21.35,70,0,SAVEA,17/04/2015,15/05/2015,27/04/2015,Chef Anton's Gumbo Mix,Condiments
11030,29,123.79,60,0.25,SAVEA,17/04/2015,15/05/2015,27/04/2015,Thüringer Rostbratwurst,Meat & Poultry
11030,59,55,100,0.25,SAVEA,17/04/2015,15/05/2015,27/04/2015,Raclette Courdavault,Dairy Products
11031,1,18,45,0,SAVEA,17/04/2015,15/05/2015,24/04/2015,Chai,Beverages
11031,13,6,80,0,SAVEA,17/04/2015,15/05/2015,24/04/2015,Konbu,Seafood
11031,24,4.5,21,0,SAVEA,17/04/2015,15/05/2015,24/04/2015,Guarana Fantastica,Beverages
11031,64,33.25,20,0,SAVEA,17/04/2015,15/05/2015,24/04/2015,Wimmers gute Semmelknödel,Grains & Cereals
11031,71,21.5,16,0,SAVEA,17/04/2015,15/05/2015,24/04/2015,Flotemysost,Dairy Products
11032,36,19,35,0,WHITC,17/04/2015,15/05/2015,23/04/2015,Inlagd Sill,Seafood
11032,38,263.5,25,0,WHITC,17/04/2015,15/05/2015,23/04/2015,Côte de Blaye,Beverages
11032,59,55,30,0,WHITC,17/04/2015,15/05/2015,23/04/2015,Raclette Courdavault,Dairy Products
11033,53,32.8,70,0.1,RICSU,17/04/2015,15/05/2015,23/04/2015,Perth Pasties,Meat & Poultry
11033,69,36,36,0.1,RICSU,17/04/2015,15/05/2015,23/04/2015,Gudbrandsdalsost,Dairy Products
11034,21,10,15,0.1,OLDWO,20/04/2015,01/06/2015,27/04/2015,Sir Rodney's Scones,Confections
11034,44,19.45,12,0,OLDWO,20/04/2015,01/06/2015,27/04/2015,Gula Malacca,Condiments
11034,61,28.5,6,0,OLDWO,20/04/2015,01/06/2015,27/04/2015,Sirop d'érable,Condiments
11035,1,18,10,0,SUPRD,20/04/2015,18/05/2015,24/04/2015,Chai,Beverages
11035,35,18,60,0,SUPRD,20/04/2015,18/05/2015,24/04/2015,Steeleye Stout,Beverages
11035,42,14,30,0,SUPRD,20/04/2015,18/05/2015,24/04/2015,Singaporean Hokkien Fried Mee,Grains & Cereals
11035,54,7.45,10,0,SUPRD,20/04/2015,18/05/2015,24/04/2015,Tourtière,Meat & Poultry
11036,13,6,7,0,DRACD,20/04/2015,18/05/2015,22/04/2015,Konbu,Seafood
11036,59,55,30,0,DRACD,20/04/2015,18/05/2015,22/04/2015,Raclette Courdavault,Dairy Products
11037,70,15,4,0,GODOS,21/04/2015,19/05/2015,27/04/2015,Outback Lager,Beverages
11038,40,18.4,5,0.2,SUPRD,21/04/2015,19/05/2015,30/04/2015,Boston Crab Meat,Seafood
11038,52,7,2,0,SUPRD,21/04/2015,19/05/2015,30/04/2015,Filo Mix,Grains & Cereals
11038,71,21.5,30,0,SUPRD,21/04/2015,19/05/2015,30/04/2015,Flotemysost,Dairy Products
11039,28,45.6,20,0,LINOD,21/04/2015,19/05/2015,,Rössle Sauerkraut,Produce
11039,35,18,24,0,LINOD,21/04/2015,19/05/2015,,Steeleye Stout,Beverages
11039,49,20,60,0,LINOD,21/04/2015,19/05/2015,,Maxilaku,Confections
11039,57,19.5,28,0,LINOD,21/04/2015,19/05/2015,,Ravioli Angelo,Grains & Cereals
11040,21,10,20,0,GREAL,22/04/2015,20/05/2015,,Sir Rodney's Scones,Confections
11041,2,19,30,0.2,CHOPS,22/04/2015,20/05/2015,28/04/2015,Chang,Beverages
11041,63,43.9,30,0,CHOPS,22/04/2015,20/05/2015,28/04/2015,Vegie-spread,Condiments
11042,44,19.45,15,0,COMMI,22/04/2015,06/05/2015,01/05/2015,Gula Malacca,Condiments
11042,61,28.5,4,0,COMMI,22/04/2015,06/05/2015,01/05/2015,Sirop d'érable,Condiments
11043,11,21,10,0,SPECD,22/04/2015,20/05/2015,29/04/2015,Queso Cabrales,Dairy Products
11044,62,49.3,12,0,WOLZA,23/04/2015,21/05/2015,01/05/2015,Tarte au sucre,Confections
11045,33,2.5,15,0,BOTTM,23/04/2015,21/05/2015,,Geitost,Dairy Products
11045,51,53,24,0,BOTTM,23/04/2015,21/05/2015,,Manjimup Dried Apples,Produce
11046,12,38,20,0.05,WANDK,23/04/2015,21/05/2015,24/04/2015,Queso Manchego La Pastora,Dairy Products
11046,32,32,15,0.05,WANDK,23/04/2015,21/05/2015,24/04/2015,Mascarpone Fabioli,Dairy Products
11046,35,18,18,0.05,WANDK,23/04/2015,21/05/2015,24/04/2015,Steeleye Stout,Beverages
11047,1,18,25,0.25,EASTC,24/04/2015,22/05/2015,01/05/2015,Chai,Beverages
11047,5,21.35,30,0.25,EASTC,24/04/2015,22/05/2015,01/05/2015,Chef Anton's Gumbo Mix,Condiments
11048,68,12.5,42,0,BOTTM,24/04/2015,22/05/2015,30/04/2015,Scottish Longbreads,Confections
11049,2,19,10,0.2,GOURL,24/04/2015,22/05/2015,04/05/2015,Chang,Beverages
11049,12,38,4,0.2,GOURL,24/04/2015,22/05/2015,04/05/2015,Queso Manchego La Pastora,Dairy Products
11050,76,18,50,0.1,FOLKO,27/04/2015,25/05/2015,05/05/2015,Lakkaliköri,Beverages
11051,24,4.5,10,0.2,LAMAI,27/04/2015,25/05/2015,,Guarana Fantastica,Beverages
11052,43,46,30,0.2,HANAR,27/04/2015,25/05/2015,01/05/2015,Ipoh Coffee,Beverages
11052,61,28.5,10,0.2,HANAR,27/04/2015,25/05/2015,01/05/2015,Sirop d'érable,Condiments
11053,18,62.5,35,0.2,PICCO,27/04/2015,25/05/2015,29/04/2015,Carnarvon Tigers,Seafood
11053,32,32,20,0,PICCO,27/04/2015,25/05/2015,29/04/2015,Mascarpone Fabioli,Dairy Products
11053,64,33.25,25,0.2,PICCO,27/04/2015,25/05/2015,29/04/2015,Wimmers gute Semmelknödel,Grains & Cereals
11054,33,2.5,10,0,CACTU,28/04/2015,26/05/2015,,Geitost,Dairy Products
11054,67,14,20,0,CACTU,28/04/2015,26/05/2015,,Laughing Lumberjack Lager,Beverages
11055,24,4.5,15,0,HILAA,28/04/2015,26/05/2015,05/05/2015,Guarana Fantastica,Beverages
11055,25,14,15,0,HILAA,28/04/2015,26/05/2015,05/05/2015,NuNuCa Nuß-Nougat-Creme,Confections
11055,51,53,20,0,HILAA,28/04/2015,26/05/2015,05/05/2015,Manjimup Dried Apples,Produce
11055,57,19.5,20,0,HILAA,28/04/2015,26/05/2015,05/05/2015,Ravioli Angelo,Grains & Cereals
11056,7,30,40,0,EASTC,28/04/2015,12/05/2015,01/05/2015,Uncle Bob's Organic Dried Pears,Produce
11056,55,24,35,0,EASTC,28/04/2015,12/05/2015,01/05/2015,Pâté chinois,Meat & Poultry
11056,60,34,50,0,EASTC,28/04/2015,12/05/2015,01/05/2015,Camembert Pierrot,Dairy Products
11057,70,15,3,0,NORTS,29/04/2015,27/05/2015,01/05/2015,Outback Lager,Beverages
11058,21,10,3,0,BLAUS,29/04/2015,27/05/2015,,Sir Rodney's Scones,Confections
11058,60,34,21,0,BLAUS,29/04/2015,27/05/2015,,Camembert Pierrot,Dairy Products
11058,61,28.5,4,0,BLAUS,29/04/2015,27/05/2015,,Sirop d'érable,Condiments
11059,13,6,30,0,RICAR,29/04/2015,10/06/2015,,Konbu,Seafood
11059,17,39,12,0,RICAR,29/04/2015,10/06/2015,,Alice Mutton,Meat & Poultry
11059,60,34,35,0,RICAR,29/04/2015,10/06/2015,,Camembert Pierrot,Dairy Products
11060,60,34,4,0,FRANS,30/04/2015,28/05/2015,04/05/2015,Camembert Pierrot,Dairy Products
11060,77,13,10,0,FRANS,30/04/2015,28/05/2015,04/05/2015,Original Frankfurter Grüne Soße,Condiments
11061,60,34,15,0,GREAL,30/04/2015,11/06/2015,,Camembert Pierrot,Dairy Products
11062,53,32.8,10,0.2,REGGC,30/04/2015,28/05/2015,,Perth Pasties,Meat & Poultry
11062,70,15,12,0.2,REGGC,30/04/2015,28/05/2015,,Outback Lager,Beverages
11063,34,14,30,0,HUNGO,30/04/2015,28/05/2015,06/05/2015,Sasquatch Ale,Beverages
11063,40,18.4,40,0.1,HUNGO,30/04/2015,28/05/2015,06/05/2015,Boston Crab Meat,Seafood
11063,41,9.65,30,0.1,HUNGO,30/04/2015,28/05/2015,06/05/2015,Jack's New England Clam Chowder,Seafood
11064,17,39,77,0.1,SAVEA,01/05/2015,29/05/2015,04/05/2015,Alice Mutton,Meat & Poultry
11064,41,9.65,12,0,SAVEA,01/05/2015,29/05/2015,04/05/2015,Jack's New England Clam Chowder,Seafood
11064,53,32.8,25,0.1,SAVEA,01/05/2015,29/05/2015,04/05/2015,Perth Pasties,Meat & Poultry
11064,55,24,4,0.1,SAVEA,01/05/2015,29/05/2015,04/05/2015,Pâté chinois,Meat & Poultry
11064,68,12.5,55,0,SAVEA,01/05/2015,29/05/2015,04/05/2015,Scottish Longbreads,Confections
11065,30,25.89,4,0.25,LILAS,01/05/2015,29/05/2015,,Nord-Ost Matjeshering,Seafood
11065,54,7.45,20,0.25,LILAS,01/05/2015,29/05/2015,,Tourtière,Meat & Poultry
11066,16,17.45,3,0,WHITC,01/05/2015,29/05/2015,04/05/2015,Pavlova,Confections
11066,19,9.2,42,0,WHITC,01/05/2015,29/05/2015,04/05/2015,Teatime Chocolate Biscuits,Confections
11066,34,14,35,0,WHITC,01/05/2015,29/05/2015,04/05/2015,Sasquatch Ale,Beverages
11067,41,9.65,9,0,DRACD,04/05/2015,18/05/2015,06/05/2015,Jack's New England Clam Chowder,Seafood
11068,28,45.6,8,0.15,QUEEN,04/05/2015,01/06/2015,,Rössle Sauerkraut,Produce
11068,43,46,36,0.15,QUEEN,04/05/2015,01/06/2015,,Ipoh Coffee,Beverages
11068,77,13,28,0.15,QUEEN,04/05/2015,01/06/2015,,Original Frankfurter Grüne Soße,Condiments
11069,39,18,20,0,TORTU,04/05/2015,01/06/2015,06/05/2015,Chartreuse verte,Beverages
11070,1,18,40,0.15,LEHMS,05/05/2015,02/06/2015,,Chai,Beverages
11070,2,19,20,0.15,LEHMS,05/05/2015,02/06/2015,,Chang,Beverages
11070,16,17.45,30,0.15,LEHMS,05/05/2015,02/06/2015,,Pavlova,Confections
11070,31,12.5,20,0,LEHMS,05/05/2015,02/06/2015,,Gorgonzola Telino,Dairy Products
11071,7,30,15,0.05,LILAS,05/05/2015,02/06/2015,,Uncle Bob's Organic Dried Pears,Produce
11071,13,6,10,0.05,LILAS,05/05/2015,02/06/2015,,Konbu,Seafood
11072,2,19,8,0,ERNSH,05/05/2015,02/06/2015,,Chang,Beverages
11072,41,9.65,40,0,ERNSH,05/05/2015,02/06/2015,,Jack's New England Clam Chowder,Seafood
11072,50,16.25,22,0,ERNSH,05/05/2015,02/06/2015,,Valkoinen suklaa,Confections
11072,64,33.25,130,0,ERNSH,05/05/2015,02/06/2015,,Wimmers gute Semmelknödel,Grains & Cereals
11073,11,21,10,0,PERIC,05/05/2015,02/06/2015,,Queso Cabrales,Dairy Products
11073,24,4.5,20,0,PERIC,05/05/2015,02/06/2015,,Guarana Fantastica,Beverages
11074,16,17.45,14,0.05,SIMOB,06/05/2015,03/06/2015,,Pavlova,Confections
11075,2,19,10,0.15,RICSU,06/05/2015,03/06/2015,,Chang,Beverages
11075,46,12,30,0.15,RICSU,06/05/2015,03/06/2015,,Spegesild,Seafood
11075,76,18,2,0.15,RICSU,06/05/2015,03/06/2015,,Lakkaliköri,Beverages
11076,6,25,20,0.25,BONAP,06/05/2015,03/06/2015,,Grandma's Boysenberry Spread,Condiments
11076,14,23.25,20,0.25,BONAP,06/05/2015,03/06/2015,,Tofu,Produce
11076,19,9.2,10,0.25,BONAP,06/05/2015,03/06/2015,,Teatime Chocolate Biscuits,Confections
11077,2,19,24,0.2,RATTC,06/05/2015,03/06/2015,,Chang,Beverages
11077,3,10,4,0,RATTC,06/05/2015,03/06/2015,,Aniseed Syrup,Condiments
11077,4,22,1,0,RATTC,06/05/2015,03/06/2015,,Chef Anton's Cajun Seasoning,Condiments
11077,6,25,1,0.02,RATTC,06/05/2015,03/06/2015,,Grandma's Boysenberry Spread,Condiments
11077,7,30,1,0.05,RATTC,06/05/2015,03/06/2015,,Uncle Bob's Organic Dried Pears,Produce
11077,8,40,2,0.1,RATTC,06/05/2015,03/06/2015,,Northwoods Cranberry Sauce,Condiments
11077,10,31,1,0,RATTC,06/05/2015,03/06/2015,,Ikura,Seafood
11077,12,38,2,0.05,RATTC,06/05/2015,03/06/2015,,Queso Manchego La Pastora,Dairy Products
11077,13,6,4,0,RATTC,06/05/2015,03/06/2015,,Konbu,Seafood
11077,14,23.25,1,0.03,RATTC,06/05/2015,03/06/2015,,Tofu,Produce
11077,16,17.45,2,0.03,RATTC,06/05/2015,03/06/2015,,Pavlova,Confections
11077,20,81,1,0.04,RATTC,06/05/2015,03/06/2015,,Sir Rodney's Marmalade,Confections
11077,23,9,2,0,RATTC,06/05/2015,03/06/2015,,Tunnbröd,Grains & Cereals
11077,32,32,1,0,RATTC,06/05/2015,03/06/2015,,Mascarpone Fabioli,Dairy Products
11077,39,18,2,0.05,RATTC,06/05/2015,03/06/2015,,Chartreuse verte,Beverages
11077,41,9.65,3,0,RATTC,06/05/2015,03/06/2015,,Jack's New England Clam Chowder,Seafood
11077,46,12,3,0.02,RATTC,06/05/2015,03/06/2015,,Spegesild,Seafood
11077,52,7,2,0,RATTC,06/05/2015,03/06/2015,,Filo Mix,Grains & Cereals
11077,55,24,2,0,RATTC,06/05/2015,03/06/2015,,Pâté chinois,Meat & Poultry
11077,60,34,2,0.06,RATTC,06/05/2015,03/06/2015,,Camembert Pierrot,Dairy Products
11077,64,33.25,2,0.03,RATTC,06/05/2015,03/06/2015,,Wimmers gute Semmelknödel,Grains & Cereals
11077,66,17,1,0,RATTC,06/05/2015,03/06/2015,,Louisiana Hot Spiced Okra,Condiments
11077,73,15,2,0.01,RATTC,06/05/2015,03/06/2015,,Röd Kaviar,Seafood
11077,75,7.75,4,0,RATTC,06/05/2015,03/06/2015,,Rhönbräu Klosterbier,Beverages
11077,77,13,2,0,RATTC,06/05/2015,03/06/2015,,Original Frankfurter Grüne Soße,Condiments
